,day,title,author,rating,img
0,월,참교육,채용택 / 한가람,9.87,https://image-comic.pstatic.net/webtoon/758037/thumbnail/thumbnail_IMAG21_15cb2611-34c0-4f02-a689-41d0b1016579.jpg
1,월,뷰티풀 군바리,설이 / 윤성원,9.81,https://image-comic.pstatic.net/webtoon/648419/thumbnail/thumbnail_IMAG21_d9398229-cbfd-47dc-9208-0a6fb936f3a7.jpg
2,월,신의 탑,SIU,9.88,https://image-comic.pstatic.net/webtoon/183559/thumbnail/thumbnail_IMAG21_5f3fec31-5c95-4afe-a73f-3046288edb47.jpg
3,월,똑 닮은 딸,이담,9.98,https://image-comic.pstatic.net/webtoon/774866/thumbnail/thumbnail_IMAG21_46cf2e65-7b7c-4fb7-8f54-0078456d8ff0.jpg
4,월,백수세끼,치즈,9.85,https://image-comic.pstatic.net/webtoon/733074/thumbnail/thumbnail_IMAG21_80df3e76-47af-4007-b57c-e8f2830835e5.jpg
5,월,퀘스트지상주의,박태준 만화회사,9.75,https://image-comic.pstatic.net/webtoon/783052/thumbnail/thumbnail_IMAG21_800f4c56-26ac-419e-9ed0-baf322311dea.jpg
6,월,장씨세가 호위무사,김인호 / 조형근,9.93,https://image-comic.pstatic.net/webtoon/728750/thumbnail/thumbnail_IMAG21_47c21251-b213-4882-bacc-15adce1acfc8.jpg
7,월,윈드브레이커,조용석,9.83,https://image-comic.pstatic.net/webtoon/602910/thumbnail/thumbnail_IMAG21_e861f2cf-6157-4d33-8e02-7b4cbf0a8baf.jpg
8,월,소녀의 세계,모랑지,9.92,https://image-comic.pstatic.net/webtoon/654774/thumbnail/thumbnail_IMAG21_4048794550434817075.jpg
9,월,버림받은 왕녀의 은밀한 침실,혜니 / 성혜림,9.96,https://image-comic.pstatic.net/webtoon/796867/thumbnail/thumbnail_IMAG21_77aa5064-b42b-4838-912e-2c6266c53a74.jpg
10,월,신화급 귀속 아이템을 손에 넣었다,정선율 / 헤스,9.90,https://image-comic.pstatic.net/webtoon/795297/thumbnail/thumbnail_IMAG21_4134925888999731505.jpg
11,월,우아한 욕망,김종건,9.91,https://image-comic.pstatic.net/webtoon/813552/thumbnail/thumbnail_IMAG21_c81f8080-3781-4789-9411-a171d501b01a.jpg
12,월,별난식당,HO9,9.96,https://image-comic.pstatic.net/webtoon/806189/thumbnail/thumbnail_IMAG21_292de414-bd9a-418d-a4e9-d97060398223.jpg
13,월,앵무살수,김성진,9.97,https://image-comic.pstatic.net/webtoon/739115/thumbnail/thumbnail_IMAG21_7077747896626722102.jpg
14,월,절대검감,김두루미 / 티아이 / 한중월야,9.95,https://image-comic.pstatic.net/webtoon/796075/thumbnail/thumbnail_IMAG21_31f75c4c-81c9-454a-8d92-9e23b577e1a5.jpg
15,월,ㅋㅋ단편.zip,네이버웹툰 작가,9.77,https://image-comic.pstatic.net/webtoon/814541/thumbnail/thumbnail_IMAG21_18a2bffa-6c6e-4884-ab41-45b4646cabe3.jpg
16,월,퍼니게임,배진수,9.59,https://image-comic.pstatic.net/webtoon/801035/thumbnail/thumbnail_IMAG21_01fd148f-edb2-4ada-9571-910981ec3376.jpg
17,월,만렙돌파,"성불예정, 임형 / 미노",9.53,https://image-comic.pstatic.net/webtoon/759940/thumbnail/thumbnail_IMAG21_3976787538998813497.jpg
18,월,잔불의 기사,환댕,9.96,https://image-comic.pstatic.net/webtoon/768536/thumbnail/thumbnail_IMAG21_91c5c081-77e6-4516-a503-2f45aad57401.jpg
19,월,나 없는 단톡방,봉수,9.93,https://image-comic.pstatic.net/webtoon/805907/thumbnail/thumbnail_IMAG21_ab626e51-db74-46ff-8fdb-4a62edbc4fd1.jpg
20,월,좀비묵시록 82-08,달아 / 경우 / 박스오피스,9.70,https://image-comic.pstatic.net/webtoon/814742/thumbnail/thumbnail_IMAG21_239b2422-91ff-4649-aa83-932f90582e11.jpg
21,월,순정말고 순종,슈안,9.96,https://image-comic.pstatic.net/webtoon/761461/thumbnail/thumbnail_IMAG21_e3c857a7-900b-4085-969a-75d9127b5a38.jpg
22,월,개같이 탈출,갬쟈,9.95,https://image-comic.pstatic.net/webtoon/814594/thumbnail/thumbnail_IMAG21_8746b12b-566e-4375-b0ab-1eaf48e17a1d.jpg
23,월,물어보는 사이,성은,9.96,https://image-comic.pstatic.net/webtoon/772725/thumbnail/thumbnail_IMAG21_7769fa4b-5f29-4622-af74-613bda6a47ef.jpg
24,월,리턴 투 플레이어,레포 / 세혼 / 인덱스,9.93,https://image-comic.pstatic.net/webtoon/752414/thumbnail/thumbnail_IMAG21_b66a0f20-01c1-4b3f-ab8e-1d5ca6f089fe.jpg
25,월,히어로메이커,빤쓰,9.95,https://image-comic.pstatic.net/webtoon/21815/thumbnail/thumbnail_IMAG21_7292511306663934265.jpg
26,월,천재 타자가 강속구를 숨김,황지성 / 스튜디오MW / 이블라인,9.91,https://image-comic.pstatic.net/webtoon/807775/thumbnail/thumbnail_IMAG21_91cb8ff9-5be3-40ba-8df9-661972577cd2.jpg
27,월,신군,규남,9.95,https://image-comic.pstatic.net/webtoon/783050/thumbnail/thumbnail_IMAG21_ca9a662b-7a79-4e80-94c9-d62ebe597aad.jpg
28,월,루루라라 우리네 인생,현이씨,9.96,https://image-comic.pstatic.net/webtoon/802039/thumbnail/thumbnail_IMAG21_a7a82a34-586c-4acf-b6f2-ab052be786f1.jpg
29,월,칼가는 소녀,오리,9.97,https://image-comic.pstatic.net/webtoon/730174/thumbnail/thumbnail_IMAG21_301ca9ab-3938-4028-832c-48febddd6cf7.jpg
30,월,시한부의 아이까지 뺏으려 합니다,랍스타 / 이루이,9.91,https://image-comic.pstatic.net/webtoon/814362/thumbnail/thumbnail_IMAG21_16247d91-5c88-43aa-80e3-f28b2daf868d.jpg
31,월,파견체,곽백수,9.92,https://image-comic.pstatic.net/webtoon/791256/thumbnail/thumbnail_IMAG21_3833187132113172581.jpg
32,월,결혼생활 그림일기,은꼼지,9.97,https://image-comic.pstatic.net/webtoon/741891/thumbnail/thumbnail_IMAG21_47b971e4-00b6-451b-862e-1060bae5a80d.jpg
33,월,더블클릭,"박수봉, 김장훈 / 박수봉",9.92,https://image-comic.pstatic.net/webtoon/769663/thumbnail/thumbnail_IMAG21_935bf47d-9219-4f45-8a58-d5a7af13ce51.jpg
34,월,제국 제일의 상속녀가 되었습니다,한강 / 요정용,9.73,https://image-comic.pstatic.net/webtoon/814566/thumbnail/thumbnail_IMAG21_4f97cbfb-8e3e-445d-848c-ae270c22f5b0.jpg
35,월,미친 재능의 플레이어,S-Nanyc / H.로마 / 체나,9.36,https://image-comic.pstatic.net/webtoon/814781/thumbnail/thumbnail_IMAG21_c88e92fa-e109-47d6-8a59-912749ff3a40.jpg
36,월,아슈타르테,SOON / 안다온,9.87,https://image-comic.pstatic.net/webtoon/798277/thumbnail/thumbnail_IMAG21_f3e49f1a-befe-435f-bf83-845d8516a82b.jpg
37,월,악녀교실,즛호,9.86,https://image-comic.pstatic.net/webtoon/814116/thumbnail/thumbnail_IMAG21_81d8f011-e821-42a0-9556-1f0f9690b178.jpg
38,월,오빠집이 비어서,이서희 / 태소영,9.87,https://image-comic.pstatic.net/webtoon/780414/thumbnail/thumbnail_IMAG21_fc2621b0-84c3-404d-a18d-5925dba6ab77.jpg
39,월,인섹터,마카빔,9.94,https://image-comic.pstatic.net/webtoon/801710/thumbnail/thumbnail_IMAG21_b65d115a-9224-4d45-9773-18addbc432d3.jpg
40,월,서브 남주가 파업하면 생기는 일,쓰레빠인간 / 해그늘 / 숙임,9.97,https://image-comic.pstatic.net/webtoon/803518/thumbnail/thumbnail_IMAG21_32d146f5-7e22-4fe4-bc73-92b2e446d7f7.jpg
41,월,꿈의 기업,문지현,9.97,https://image-comic.pstatic.net/webtoon/687915/thumbnail/thumbnail_IMAG21_d46ad6b8-e9a8-4bc8-b501-e62adfee0eb6.jpg
42,월,쥴리에타의 드레스 업,말차 / 유자차 / 채하빈,9.56,https://image-comic.pstatic.net/webtoon/808711/thumbnail/thumbnail_IMAG21_d0fb6e8e-bae0-4561-b537-bd84a6b3cb09.jpg
43,월,컨트롤X,사이렌 / 서클,9.55,https://image-comic.pstatic.net/webtoon/812403/thumbnail/thumbnail_IMAG21_bc35a097-4b19-43bf-849e-26f8712bd65f.jpg
44,월,엘프,홍작가,9.95,https://image-comic.pstatic.net/webtoon/808776/thumbnail/thumbnail_IMAG21_fb25d2f3-790c-48db-beaf-c2504f4ed4c0.jpg
45,월,사이다걸,김드루 / 김그루,9.83,https://image-comic.pstatic.net/webtoon/800333/thumbnail/thumbnail_IMAG21_407ea651-d14f-47af-9e06-8813e7160421.jpeg
46,월,헬크래프트,나락 / 영기,9.89,https://image-comic.pstatic.net/webtoon/800034/thumbnail/thumbnail_IMAG21_a340a6df-b77c-436a-a729-70927915634d.jpg
47,월,피폐물의 해피엔딩을 위하여,호,9.94,https://image-comic.pstatic.net/webtoon/805437/thumbnail/thumbnail_IMAG21_e830e751-20be-4c57-a6ff-f299588d05b6.jpg
48,월,어느날 짝남에게 공작님이 빙의했다,다담 / 죽순,9.66,https://image-comic.pstatic.net/webtoon/816528/thumbnail/thumbnail_IMAG21_12b8af45-dcdb-4a37-8ccf-b597e490e55c.jpg
49,월,입술이 예쁜 남자,고도 / 플라비,9.96,https://image-comic.pstatic.net/webtoon/791629/thumbnail/thumbnail_IMAG21_4122541015824753209.jpg
50,월,라서드,감람,9.97,https://image-comic.pstatic.net/webtoon/756140/thumbnail/thumbnail_IMAG21_7c527b6e-773f-40c8-aa1a-5cbd9e7dc482.jpg
51,월,마이너스의 손,김뎐,9.96,https://image-comic.pstatic.net/webtoon/679568/thumbnail/thumbnail_IMAG21_0e7abd73-060d-42eb-afed-65cafc457104.jpg
52,월,하루의 하루,김이랑,9.92,https://image-comic.pstatic.net/webtoon/774302/thumbnail/thumbnail_IMAG21_4121973654889457249.jpg
53,월,랭커,신건 / taibogi,9.87,https://image-comic.pstatic.net/webtoon/801827/thumbnail/thumbnail_IMAG21_46875d4a-190f-4663-bac5-0d3003263646.jpg
54,월,퇴근 후에 만나요,박한나 / 햄친 / 로즈빈,9.94,https://image-comic.pstatic.net/webtoon/801517/thumbnail/thumbnail_IMAG21_0a77b0a7-0677-4228-b88b-84619093999f.jpg
55,월,달로 만든 아이,온윤,9.97,https://image-comic.pstatic.net/webtoon/784107/thumbnail/thumbnail_IMAG21_98a19f14-de9a-491d-bc11-a3103e7e671d.jpg
56,월,악당과 악당이 만나면,삵 / 쏘가리 / 임하얌,9.95,https://image-comic.pstatic.net/webtoon/804782/thumbnail/thumbnail_IMAG21_f09967ec-e4e8-4fb8-a8d5-a65db4c6e14e.jpg
57,월,최후의 금빛아이,알깨 / 새몽,9.95,https://image-comic.pstatic.net/webtoon/772734/thumbnail/thumbnail_IMAG21_fdecfea5-8ca1-4a32-9c55-34a30f24266d.jpg
58,월,주작연애,우까,9.81,https://image-comic.pstatic.net/webtoon/802854/thumbnail/thumbnail_IMAG21_8acfafa7-d1db-42fa-9e01-3b7500650e11.jpg
59,월,도깨비 부른다,WEBANGSANG,9.94,https://image-comic.pstatic.net/webtoon/800618/thumbnail/thumbnail_IMAG21_0e4be823-3c99-480c-923a-eaa554b46646.jpg
60,월,매지컬 급식:암살법사,웡웡이,9.94,https://image-comic.pstatic.net/webtoon/791062/thumbnail/thumbnail_IMAG21_d358a9ab-09bc-436b-8a77-076cae2ea8d1.jpg
61,월,영앤리치가 아니야!,최삡뺩,9.96,https://image-comic.pstatic.net/webtoon/734574/thumbnail/thumbnail_IMAG21_8688bbf6-1067-465b-9070-4fef7c1ab1cd.jpg
62,월,백호랑,박혬,9.95,https://image-comic.pstatic.net/webtoon/745654/thumbnail/thumbnail_IMAG21_3978989878055821874.jpg
63,월,원하나,비진,9.90,https://image-comic.pstatic.net/webtoon/804469/thumbnail/thumbnail_IMAG21_2aa7b888-6149-4ba0-ae84-0158fd0e249c.jpeg
64,월,굿바이 유교보이,아실,9.94,https://image-comic.pstatic.net/webtoon/798293/thumbnail/thumbnail_IMAG21_fe6bfde6-5033-4037-9c30-eecd3fd70de3.jpg
65,월,오늘의 비너스,엄세윤 / 도달,9.97,https://image-comic.pstatic.net/webtoon/793944/thumbnail/thumbnail_IMAG21_0c4cd9dc-26bc-4977-88ab-ec2939612bba.jpg
66,월,너를 돌려차는 방법,한성만,9.96,https://image-comic.pstatic.net/webtoon/802551/thumbnail/thumbnail_IMAG21_04fdcd36-c440-4feb-8b3d-573b3584a32f.jpg
67,월,북부 공작님을 유혹하겠습니다,가천가 / 은하수 / 주시하,9.97,https://image-comic.pstatic.net/webtoon/794421/thumbnail/thumbnail_IMAG21_65e1c328-a2e5-42f6-86ef-47d7424bb44e.jpg
68,월,고백어택,늠개,9.88,https://image-comic.pstatic.net/webtoon/807397/thumbnail/thumbnail_IMAG21_d0a7cee2-4ded-4506-aedf-71c25675247c.jpg
69,월,세번째 로망스,문조,9.95,https://image-comic.pstatic.net/webtoon/796368/thumbnail/thumbnail_IMAG21_9f304f70-bc24-4cdc-b582-8d1b63d013e0.jpg
70,월,"집사, 주세요!",꾀돌이,9.92,https://image-comic.pstatic.net/webtoon/802033/thumbnail/thumbnail_IMAG21_ccce5530-0976-4a0d-b76c-d54c5620cdd5.jpg
71,월,슈퍼스타 천대리,Do8 / 이재국 / 박경원,9.83,https://image-comic.pstatic.net/webtoon/785749/thumbnail/thumbnail_IMAG21_7d010b0f-a77f-4449-a910-1816e2c547cc.jpg
72,월,어쌔신 크리드 - 잊혀진 사원,"샤이아탄, ARC, Ubisoft / Tabii",9.85,https://image-comic.pstatic.net/webtoon/808760/thumbnail/thumbnail_IMAG21_41bce5b2-aa2a-4186-94ea-22bf8b37488a.jpg
73,월,메리의 불타는 행복회로,김지수,9.93,https://image-comic.pstatic.net/webtoon/797253/thumbnail/thumbnail_IMAG21_3adf296f-505b-4824-98b0-61c28432fb2d.jpg
74,월,포스트 팬데믹,좡좡 / 영명 / 한산이가,9.88,https://image-comic.pstatic.net/webtoon/807159/thumbnail/thumbnail_IMAG21_e7c75b1e-7bc4-484b-874d-1245f114479e.jpg
75,월,역주행!,김현아,9.91,https://image-comic.pstatic.net/webtoon/776256/thumbnail/thumbnail_IMAG21_d520a876-7403-4349-a56a-f1203882bed2.jpg
76,월,토마토가 돼라!,뮤리,9.96,https://image-comic.pstatic.net/webtoon/805702/thumbnail/thumbnail_IMAG21_e7e812d2-5d0a-46c6-8a39-b67a5010a7bc.jpg
77,월,러브 똘츄얼리,김진경,7.16,https://image-comic.pstatic.net/webtoon/811129/thumbnail/thumbnail_IMAG21_02284133-0eb0-407a-9c4e-7381dbd7a8a4.jpg
78,월,버그이터,이륙,9.76,https://image-comic.pstatic.net/webtoon/793067/thumbnail/thumbnail_IMAG21_3544444194497192757.jpg
79,월,트러블리걸,일쩜이,9.74,https://image-comic.pstatic.net/webtoon/808074/thumbnail/thumbnail_IMAG21_d4899238-5123-443d-826c-f70b1f3618a5.jpg
80,월,결혼공략,율무,9.96,https://image-comic.pstatic.net/webtoon/792317/thumbnail/thumbnail_IMAG21_524ed207-a4c2-4864-b8e1-3aef96a7ba41.jpg
81,월,2023 루키 단편선,네이버웹툰 작가,9.60,https://image-comic.pstatic.net/webtoon/816636/thumbnail/thumbnail_IMAG21_0aaf3571-5f8a-4b86-a086-b038a27e3aed.jpg
82,월,루크 비셸 따라잡기,앙꼬빵 / 학뚜벅 / 에슈티,9.95,https://image-comic.pstatic.net/webtoon/794939/thumbnail/thumbnail_IMAG21_23006afc-accd-46f6-8014-c955c4aa6241.jpg
83,월,파운더,임상윤 / 만두인,9.91,https://image-comic.pstatic.net/webtoon/791205/thumbnail/thumbnail_IMAG21_7149240538535388720.jpg
84,월,중독연구소,김택기,9.84,https://image-comic.pstatic.net/webtoon/740132/thumbnail/thumbnail_IMAG21_d6f6e062-23d4-432a-a4be-6e1e66f63ede.jpg
85,월,행운을 부탁해!,해롱,9.86,https://image-comic.pstatic.net/webtoon/799868/thumbnail/thumbnail_IMAG21_edfa4344-9f13-4a6c-8b9f-00d08cf37a1d.jpg
86,월,악취해결사,샘샘,9.93,https://image-comic.pstatic.net/webtoon/807600/thumbnail/thumbnail_IMAG21_f1a481c2-78fb-433d-8db4-01e31b150755.jpg
87,월,트리거,고경빈,9.85,https://image-comic.pstatic.net/webtoon/764480/thumbnail/thumbnail_IMAG21_9551ea28-1692-4478-a090-10ef47770f40.jpg
88,월,오로지 오로라,홍달,9.88,https://image-comic.pstatic.net/webtoon/764623/thumbnail/thumbnail_IMAG21_7305232428546929716.jpg
89,월,제왕,"김남규 / 애풍, 콘티메이커",9.91,https://image-comic.pstatic.net/webtoon/783535/thumbnail/thumbnail_IMAG21_4b6a83cd-a5e9-408f-bbac-244f25240394.jpg
90,월,모스크바의 여명,이샨오 / 황장미,9.95,https://image-comic.pstatic.net/webtoon/772243/thumbnail/thumbnail_IMAG21_3918807214864216674.jpg
91,월,별을 쫓는 소년들,HYBE,8.99,https://image-comic.pstatic.net/webtoon/786979/thumbnail/thumbnail_IMAG21_495b3195-2185-458e-a07b-4af0f4ff6532.jpg
92,월,연애 연기대상,김충전 / 일공팔,9.90,https://image-comic.pstatic.net/webtoon/803123/thumbnail/thumbnail_IMAG21_4a7c5fbd-fe54-484c-a2e6-0ec548fbbb5c.jpg
93,화,너는 그냥 개그만화나 그려라,조석,9.96,https://image-comic.pstatic.net/webtoon/814543/thumbnail/thumbnail_IMAG21_b9d0083f-ced5-4ba8-ac33-c685b96d611a.jpg
94,화,김부장,박태준 만화회사 / 정종택,9.48,https://image-comic.pstatic.net/webtoon/783053/thumbnail/thumbnail_IMAG21_d7732f14-26da-4e35-8762-660cc87b53f1.jpg
95,화,내가 키운 S급들,seri / 비완 / 근서,9.95,https://image-comic.pstatic.net/webtoon/784248/thumbnail/thumbnail_IMAG21_20a8aca7-23d3-4bc0-9916-a31ebc884ca8.jpg
96,화,마루는 강쥐,모죠,9.98,https://image-comic.pstatic.net/webtoon/796152/thumbnail/thumbnail_IMAG21_26b9c1d8-ca2d-4fc7-87ea-a3334634236a.jpg
97,화,멸망 이후의 세계,S-Cynan / 언데드 감자 / 싱숑,9.92,https://image-comic.pstatic.net/webtoon/789979/thumbnail/thumbnail_IMAG21_792cd36e-d722-4970-933b-3da7c37ee812.jpg
98,화,대학원 탈출일지,요다,9.97,https://image-comic.pstatic.net/webtoon/790713/thumbnail/thumbnail_IMAG21_3919364435331003700.jpg
99,화,사신소년,류,9.90,https://image-comic.pstatic.net/webtoon/730656/thumbnail/thumbnail_IMAG21_fc6d8dbf-eed2-43d0-af45-2edb3cc4244e.jpg
100,화,한림체육관,혜성 / 이석재,9.77,https://image-comic.pstatic.net/webtoon/743139/thumbnail/thumbnail_IMAG21_6012f944-ea1f-4328-ba22-bca09be494ee.jpg
101,화,성검전설,최다킬,9.94,https://image-comic.pstatic.net/webtoon/814356/thumbnail/thumbnail_IMAG21_8ab854ac-f59a-4065-9287-cdfc336eb438.jpg
102,화,용사가 돌아왔다,나락 / 풍백,9.51,https://image-comic.pstatic.net/webtoon/773459/thumbnail/thumbnail_IMAG21_e8b3af6c-d4ed-42c4-9b8d-8c19e766428e.jpg
103,화,천마는 평범하게 살 수 없다,철범 / 우푸 / 산천,9.14,https://image-comic.pstatic.net/webtoon/774358/thumbnail/thumbnail_IMAG21_580067f4-3434-475f-ba51-3bbc86c6ad7d.jpg
104,화,하루만 네가 되고 싶어,삼,9.97,https://image-comic.pstatic.net/webtoon/738487/thumbnail/thumbnail_IMAG21_66eac5ec-876b-469e-ab05-81261fddde8d.jpg
105,화,집이 없어,와난,9.97,https://image-comic.pstatic.net/webtoon/721433/thumbnail/thumbnail_IMAG21_e14d8057-378c-4208-8531-e82e1dce8dd6.jpg
106,화,사변괴담,강태진,9.92,https://image-comic.pstatic.net/webtoon/804783/thumbnail/thumbnail_IMAG21_a80f7760-3c93-4002-84d4-eece85593f84.jpg
107,화,하북팽가 막내아들,스튜디오M / 기원 / 무향,9.84,https://image-comic.pstatic.net/webtoon/783877/thumbnail/thumbnail_IMAG21_3904965231037146418.jpg
108,화,시한부인 줄 알았어요!,혜용 / 에시 / 최아리,9.97,https://image-comic.pstatic.net/webtoon/801711/thumbnail/thumbnail_IMAG21_bf581fbe-7d3d-4ff6-bfd3-a973f3c65aa1.jpg
109,화,궤짝,"박태준 만화회사, 주범 / 지노",9.70,https://image-comic.pstatic.net/webtoon/802389/thumbnail/thumbnail_IMAG21_2c396e53-5710-47b4-b9ae-0b9582454479.jpg
110,화,포 더 퀸덤,로즈옹,9.93,https://image-comic.pstatic.net/webtoon/812414/thumbnail/thumbnail_IMAG21_d6cbf0a2-9f22-4f8a-b3f9-411e39804dee.jpg
111,화,초인의 게임,Two-zero / 플랜에이 / 니콜로,9.95,https://image-comic.pstatic.net/webtoon/795658/thumbnail/thumbnail_IMAG21_9771c54c-af6a-477c-9243-2b3bb784aae6.jpg
112,화,위아더좀비,이명재,9.98,https://image-comic.pstatic.net/webtoon/766648/thumbnail/thumbnail_IMAG21_3977861984512325425.jpg
113,화,도태교실,황준호,9.90,https://image-comic.pstatic.net/webtoon/812161/thumbnail/thumbnail_IMAG21_076b480a-84eb-46be-b6b0-906e66902f68.jpg
114,화,삼국지톡,무적핑크 / 이리,9.89,https://image-comic.pstatic.net/webtoon/711422/thumbnail/thumbnail_IMAG21_fd8cb5db-01ab-4c7b-a2a9-920d4479d5f7.jpg
115,화,이섭의 연애,248 / 김언희,9.96,https://image-comic.pstatic.net/webtoon/813454/thumbnail/thumbnail_IMAG21_5bb6458f-1629-4e91-bbbd-c8c3bca738b8.jpg
116,화,유사연애,여은,9.90,https://image-comic.pstatic.net/webtoon/804653/thumbnail/thumbnail_IMAG21_245d93e8-07c6-4229-9e51-bb813a307610.jpg
117,화,놓지마 정신줄 시즌3,신태훈 / 나승훈,9.94,https://image-comic.pstatic.net/webtoon/801589/thumbnail/thumbnail_IMAG21_1b439234-e17d-4fb8-9eef-5d2d4173234c.jpg
118,화,저 그런 인재 아닙니다,에몽 / 머나 / 덴피,9.97,https://image-comic.pstatic.net/webtoon/802840/thumbnail/thumbnail_IMAG21_1ae41652-be65-4c1d-be08-8df716aaa41c.jpg
119,화,로맨스 당도 백퍼센트,이동건,9.93,https://image-comic.pstatic.net/webtoon/814398/thumbnail/thumbnail_IMAG21_23b64b71-1d91-4326-982c-1480462c01e6.jpg
120,화,원주민 공포만화,원주민,9.86,https://image-comic.pstatic.net/webtoon/698918/thumbnail/thumbnail_IMAG21_3689346629442483042.jpg
121,화,올가미,해무리,9.98,https://image-comic.pstatic.net/webtoon/732988/thumbnail/thumbnail_IMAG21_eda8ea4b-fdc8-411d-9f28-09e450cc06c5.jpg
122,화,호랑이 들어와요,배세혁 / 유은,9.97,https://image-comic.pstatic.net/webtoon/757904/thumbnail/thumbnail_IMAG21_f3e09476-b052-4599-b619-4b2aba154143.jpg
123,화,신입사원 김철수,스튜디오MW / 권다희 / 오정,9.81,https://image-comic.pstatic.net/webtoon/812594/thumbnail/thumbnail_IMAG21_7dd78989-bb75-49e9-baa9-cbc5e918af00.jpg
124,화,랜덤채팅의 그녀!,박은혁,9.21,https://image-comic.pstatic.net/webtoon/702608/thumbnail/thumbnail_IMAG21_7005692479348499809.jpg
125,화,집착남주의 전부인이 되었습니다,하담 / 꿀생강 / 퍼젤,9.81,https://image-comic.pstatic.net/webtoon/813922/thumbnail/thumbnail_IMAG21_df1e3434-59bd-454c-9e3c-ee99bf8408ea.jpg
126,화,이상형,배사과,9.76,https://image-comic.pstatic.net/webtoon/814298/thumbnail/thumbnail_IMAG21_7896dd49-b0c2-4f5d-9505-aa576656a919.jpg
127,화,시체기사 군터,마요너구리,9.93,https://image-comic.pstatic.net/webtoon/798326/thumbnail/thumbnail_IMAG21_b64bc0f5-24d2-4c78-8654-bd2b08860108.jpg
128,화,우리 집 고양이 보고 갈래?,삼태,9.97,https://image-comic.pstatic.net/webtoon/805743/thumbnail/thumbnail_IMAG21_07ec1df5-1d1b-41e9-8507-d8bed34fc5c7.jpg
129,화,백씨세가 시한부 공자,단박 / 과장 / 비도,9.90,https://image-comic.pstatic.net/webtoon/814535/thumbnail/thumbnail_IMAG21_20cd5f4e-09d2-4ebc-be63-c3368c46354f.jpg
130,화,윌유메리미,마인드C,9.92,https://image-comic.pstatic.net/webtoon/616239/thumbnail/thumbnail_IMAG21_7c320dd0-7f6e-4645-b82b-e46752ed7375.jpg
131,화,신과함께 돌아온 기사왕님,지대공마법소년 / 전천후마검사 / 사람살려.,4.71,https://image-comic.pstatic.net/webtoon/809618/thumbnail/thumbnail_IMAG21_118a7124-11b6-4eed-b04a-20ee139256c1.jpg
132,화,체탐자,병장 / 해성,9.93,https://image-comic.pstatic.net/webtoon/814834/thumbnail/thumbnail_IMAG21_6e0ec9df-5747-4cbf-a083-7b13ce5f9741.jpg
133,화,거짓말의 뉘앙스,사즈,9.86,https://image-comic.pstatic.net/webtoon/809261/thumbnail/thumbnail_IMAG21_b2d4a5c0-3026-4560-b3ee-add80e181536.jpg
134,화,로잘린 보가트,삼월에 / 마하 / 하노HANO,9.97,https://image-comic.pstatic.net/webtoon/797582/thumbnail/thumbnail_IMAG21_c1588ed1-f012-4592-ae45-ff9b177fe9f9.jpg
135,화,사표내고 이계에서 힐링합니다,덤보 / 파란 / 딥블랙,9.94,https://image-comic.pstatic.net/webtoon/800726/thumbnail/thumbnail_IMAG21_f8d6b47c-3af0-49ef-9aa7-3b6ea28e4aa8.jpg
136,화,하우스키퍼,채용택 / 유현,9.96,https://image-comic.pstatic.net/webtoon/723046/thumbnail/thumbnail_IMAG21_c9dc9f1e-6e34-4ae8-9ea3-e94dda2dbef5.jpg
137,화,짝사랑의 마침표,숭어,9.96,https://image-comic.pstatic.net/webtoon/789682/thumbnail/thumbnail_IMAG21_764560de-de68-45ee-816f-fe376fbe4f60.jpg
138,화,빅맨,하하영,9.74,https://image-comic.pstatic.net/webtoon/753839/thumbnail/thumbnail_IMAG21_3835153067459896165.jpg
139,화,렌탈히어로,포르토 / 코벳,9.76,https://image-comic.pstatic.net/webtoon/808804/thumbnail/thumbnail_IMAG21_2af53eb3-eb52-40e7-b1d9-7b4fccfba9af.jpg
140,화,빌런투킬,퓨핀 / 은지,9.92,https://image-comic.pstatic.net/webtoon/765156/thumbnail/thumbnail_IMAG21_09f17695-7f1a-43c1-9515-3debf026e2ed.jpg
141,화,연우의 순정,이솔,9.97,https://image-comic.pstatic.net/webtoon/752532/thumbnail/thumbnail_IMAG21_e0dbfa33-e13c-4adc-bf63-a5b26b4a2a3e.jpg
142,화,짐승의 꽃,하브린 / 옆집찰스 / 황도톨,9.94,https://image-comic.pstatic.net/webtoon/805334/thumbnail/thumbnail_IMAG21_1a7f9687-e04f-4ac8-8f50-ac58275a2295.jpg
143,화,해골협객,성불예정 / 준1,9.05,https://image-comic.pstatic.net/webtoon/808388/thumbnail/thumbnail_IMAG21_741d216d-75b8-4a81-93c5-1f6d6f697ed2.jpg
144,화,은주의 방 2~3부,노란구미,9.94,https://image-comic.pstatic.net/webtoon/654138/thumbnail/thumbnail_IMAG21_3559587746721839161.jpg
145,화,애옹식당,정다정,9.96,https://image-comic.pstatic.net/webtoon/785703/thumbnail/thumbnail_IMAG21_020a4de1-984b-4343-8735-55970b9fda68.jpg
146,화,에이머,구동인,9.80,https://image-comic.pstatic.net/webtoon/400739/thumbnail/thumbnail_IMAG21_b5046846-5af7-48a9-9b20-b0b07cf0c904.jpeg
147,화,웅크,나유진,9.97,https://image-comic.pstatic.net/webtoon/800506/thumbnail/thumbnail_IMAG21_21640049-34da-44e5-82d7-bbb7aca3a3f8.jpg
148,화,왕게임,신형욱 / 범고래,9.86,https://image-comic.pstatic.net/webtoon/798101/thumbnail/thumbnail_IMAG21_766e3761-228a-4c04-97b8-6f0ef13cf35b.jpg
149,화,반대로 끌리는 사이,한구,9.96,https://image-comic.pstatic.net/webtoon/808454/thumbnail/thumbnail_IMAG21_5bd6216a-9baa-4859-bc6e-3f224badb74a.jpg
150,화,로맨스가 가능해?,임주이 / 송정원,9.97,https://image-comic.pstatic.net/webtoon/803010/thumbnail/thumbnail_IMAG21_39c36855-22e9-43eb-b0af-65fe8204d568.jpg
151,화,그냥 선생님,연일,9.97,https://image-comic.pstatic.net/webtoon/804333/thumbnail/thumbnail_IMAG21_b39d8b31-ca85-492f-8588-c766aa2b3c27.jpg
152,화,배드 엔딩 메이커,오일구 / 심재영 / 류은가람,9.91,https://image-comic.pstatic.net/webtoon/812017/thumbnail/thumbnail_IMAG21_81b7c01e-af62-44de-af3f-9010104f9843.jpg
153,화,폭군의 심장을 쥐었다,아리 / Nobena / 유세유,9.87,https://image-comic.pstatic.net/webtoon/813121/thumbnail/thumbnail_IMAG21_4d99dac0-e646-4c42-ba34-25dc3f5fa405.jpg
154,화,내남친 킹카만들기,랑쓰 / 섯끼,9.88,https://image-comic.pstatic.net/webtoon/791126/thumbnail/thumbnail_IMAG21_b3c5cfcc-aba4-4ba6-b010-8c740c2cbc85.jpg
155,화,제로게임,즐바센,9.97,https://image-comic.pstatic.net/webtoon/676695/thumbnail/thumbnail_IMAG21_68b97d1b-2b65-4b2c-a5a0-6aa60d4602de.jpg
156,화,윗집 그 남자,핸저 아트,9.92,https://image-comic.pstatic.net/webtoon/809579/thumbnail/thumbnail_IMAG21_424dd48b-0c3d-4100-8fa9-cd37f95e81aa.jpg
157,화,랜덤타겟,이니 / 정유한,9.94,https://image-comic.pstatic.net/webtoon/807582/thumbnail/thumbnail_IMAG21_1c7a2387-173f-4def-8764-f3060c169275.jpg
158,화,주인님을 잡아먹는 방법,세인 / 차혜영,9.97,https://image-comic.pstatic.net/webtoon/794105/thumbnail/thumbnail_IMAG21_bc1d4038-94fc-428c-8e78-e2cb9ab3643e.jpg
159,화,그 남학생에게 고백하지 마십시오,도희권,9.85,https://image-comic.pstatic.net/webtoon/814885/thumbnail/thumbnail_IMAG21_d51ba02b-f270-46f5-9a92-fc5257f4665a.jpg
160,화,팀장님은 신혼이 피곤하다,장그린 / 강하다,9.92,https://image-comic.pstatic.net/webtoon/804868/thumbnail/thumbnail_IMAG21_ea78afa0-0987-46e8-901c-6f0aef44bc0c.jpg
161,화,아이즈,정썸머,9.94,https://image-comic.pstatic.net/webtoon/767908/thumbnail/thumbnail_IMAG21_133544d1-6655-47ac-99ce-00da2f3cdc17.jpg
162,화,착한 여자 안선해,선우,9.83,https://image-comic.pstatic.net/webtoon/812576/thumbnail/thumbnail_IMAG21_91557fba-c1c9-4391-a066-2f43f44a4608.jpg
163,화,여우자매,갈치,9.93,https://image-comic.pstatic.net/webtoon/797413/thumbnail/thumbnail_IMAG21_f04539ee-5166-4337-bd33-10f41d2713fa.jpg
164,화,우투리: THE LEGACY,이재헌 / 홍기우,9.85,https://image-comic.pstatic.net/webtoon/797819/thumbnail/thumbnail_IMAG21_2efb3bf2-b392-4c9d-8662-f0c493ddafe3.jpg
165,화,"이 결혼, 새로고침",영 / 다프네 박 / 핑크티,9.80,https://image-comic.pstatic.net/webtoon/797259/thumbnail/thumbnail_IMAG21_4135202076969481273.jpg
166,화,필리아로제 - 가시왕관의 예언,백화등 / Ryuta / 김영지,9.97,https://image-comic.pstatic.net/webtoon/773793/thumbnail/thumbnail_IMAG21_06d14210-4e71-4ae1-97a7-62071c3e90bc.jpg
167,화,햄버거가 제일 좋아,용현 / 민국,9.95,https://image-comic.pstatic.net/webtoon/801820/thumbnail/thumbnail_IMAG21_82855003-8d89-45b6-8a8b-55c4cbbd8ad2.jpg
168,화,자매의 사생활,조주희 / 뉘롬,9.87,https://image-comic.pstatic.net/webtoon/812121/thumbnail/thumbnail_IMAG21_8d4a2ffb-4ce5-4a27-8554-462ae7055592.jpg
169,화,붉은 이정표,달뜬,9.89,https://image-comic.pstatic.net/webtoon/790776/thumbnail/thumbnail_IMAG21_683f454e-5f7a-416b-936b-8a06cb1c3cae.jpeg
170,화,원포인트,잇,9.86,https://image-comic.pstatic.net/webtoon/807314/thumbnail/thumbnail_IMAG21_176143e6-3d43-495d-b60e-4dae06bc10e2.jpg
171,화,대리게임,철준,8.86,https://image-comic.pstatic.net/webtoon/809263/thumbnail/thumbnail_IMAG21_10493e4c-e4b5-4aac-b1ed-4acd07879e54.jpg
172,화,공작저의 붉은 밤,H.C / 타샤토토 / 유세라,9.02,https://image-comic.pstatic.net/webtoon/805671/thumbnail/thumbnail_IMAG21_8be4a557-d691-48b1-8445-199e6c0c5dbd.jpg
173,화,은밀한 재택근무,굴닭 / 타단 / 주황연,9.88,https://image-comic.pstatic.net/webtoon/807858/thumbnail/thumbnail_IMAG21_6f8082ba-9afe-491f-98d6-8b7b7fafb991.jpg
174,화,원수가 나를 유혹할 때,황비노 / 포롱 / 최서희,9.73,https://image-comic.pstatic.net/webtoon/797943/thumbnail/thumbnail_IMAG21_6733cb7f-79aa-4ecd-8a22-ed34a17684d8.jpg
175,화,돌격! 용마치킨,팀 오누이,9.87,https://image-comic.pstatic.net/webtoon/805974/thumbnail/thumbnail_IMAG21_7794debf-da11-42fd-9126-13723f239794.jpg
176,화,죽었던 너와 다시 시작하기,히우,9.89,https://image-comic.pstatic.net/webtoon/812731/thumbnail/thumbnail_IMAG21_e79b69fe-3380-49e2-a3af-ac2b7b42f055.jpg
177,화,뿌리를 찾아서,유승진,9.07,https://image-comic.pstatic.net/webtoon/815272/thumbnail/thumbnail_IMAG21_03160f7c-5ce1-4444-8a7b-e8a16fbc5ba1.jpg
178,화,동경과 거짓말,오한,9.96,https://image-comic.pstatic.net/webtoon/809006/thumbnail/thumbnail_IMAG21_5f9fb10f-61bf-45bb-82cd-834b4252975f.jpg
179,화,왕자님 짠내밥상,쑥,9.69,https://image-comic.pstatic.net/webtoon/810561/thumbnail/thumbnail_IMAG21_b93e29dc-335c-4c38-afa9-074c581273cc.jpg
180,화,DARK MOON: 회색 도시,HYBE,9.76,https://image-comic.pstatic.net/webtoon/802872/thumbnail/thumbnail_IMAG21_c80f6d62-0971-4806-9aa5-9cc0d9e5599e.jpg
181,화,"너의 순정, 나의 순정",정살,9.86,https://image-comic.pstatic.net/webtoon/797258/thumbnail/thumbnail_IMAG21_7293970135255232568.jpg
182,화,AI 유하,박현 / 지홍주,9.76,https://image-comic.pstatic.net/webtoon/800400/thumbnail/thumbnail_IMAG21_bb74c497-7fa9-48c2-9f4f-4438317ff0c8.jpg
183,화,헥토파스칼,버퍼링 / 길성근,9.90,https://image-comic.pstatic.net/webtoon/799250/thumbnail/thumbnail_IMAG21_04fec725-d0f1-4434-990d-ada248a1e95d.jpg
184,화,흑역사 어게인,안수민,9.69,https://image-comic.pstatic.net/webtoon/814817/thumbnail/thumbnail_IMAG21_444e5c19-39a5-493c-aa6f-5892ccda22b1.jpg
185,화,미워할 거야,만보,9.56,https://image-comic.pstatic.net/webtoon/816818/thumbnail/thumbnail_IMAG21_438216c4-efb8-4972-88ff-8b7693f0079c.jpg
186,수,화산귀환,LICO / 비가,9.93,https://image-comic.pstatic.net/webtoon/769209/thumbnail/thumbnail_IMAG21_3511dcdd-6e33-4171-8839-598d6d266215.jpg
187,수,무직백수 계백순,지발,9.81,https://image-comic.pstatic.net/webtoon/811721/thumbnail/thumbnail_IMAG21_9a2a959a-666b-4156-8e4f-db64dfe319c6.jpg
188,수,전지적 독자 시점,UMI / 슬리피-C / 싱숑,9.94,https://image-comic.pstatic.net/webtoon/747269/thumbnail/thumbnail_IMAG21_aabd9952-ff45-47a2-a543-33f19a5c6708.jpg
189,수,성스러운 작가생활,이작가야,9.95,https://image-comic.pstatic.net/webtoon/807859/thumbnail/thumbnail_IMAG21_f76458b0-e807-480e-b44c-3437d9888a75.jpg
190,수,헬퍼 2 : 킬베로스,삭,8.64,https://image-comic.pstatic.net/webtoon/670143/thumbnail/thumbnail_IMAG21_12d5d293-d54d-4022-8e00-c97c5779c701.jpg
191,수,백XX,"병장, 박태준 만화회사 / 펀치킥",9.84,https://image-comic.pstatic.net/webtoon/804862/thumbnail/thumbnail_IMAG21_e2814dcb-83ae-477a-9149-d20fad5bdf92.jpg
192,수,마님이네 미국 시골집 이야기,마님,8.16,https://image-comic.pstatic.net/webtoon/814048/thumbnail/thumbnail_IMAG21_234ffc80-64de-4765-b059-6888ae0a9fae.jpg
193,수,캐슬2:만인지상,정연,9.95,https://image-comic.pstatic.net/webtoon/807178/thumbnail/thumbnail_IMAG21_28fcfb22-aae7-41b4-8767-05f6dd176b03.jpg
194,수,66666년 만에 환생한 흑마법사,팀 더 지크 / 파사 / 화봉,9.94,https://image-comic.pstatic.net/webtoon/775141/thumbnail/thumbnail_IMAG21_11d97e88-9ccf-4e7a-a10d-dde42725e3fa.jpg
195,수,일렉시드,손제호 / 제나,9.85,https://image-comic.pstatic.net/webtoon/717481/thumbnail/thumbnail_IMAG21_3545800975505057126.jpg
196,수,미래의 골동품 가게,구아진,9.98,https://image-comic.pstatic.net/webtoon/742105/thumbnail/thumbnail_IMAG21_a3860cc1-f927-4031-92fd-8d89b9801127.jpg
197,수,칼에 취한 밤을 걷다,JP / 송민 / 유진성,9.91,https://image-comic.pstatic.net/webtoon/795542/thumbnail/thumbnail_IMAG21_3703756833080816441.jpg
198,수,튜토리얼 탑의 고인물,토프 / 방구석김씨,9.80,https://image-comic.pstatic.net/webtoon/738694/thumbnail/thumbnail_IMAG21_7366031057188643120.jpg
199,수,왕따가 격투기를 너무 잘함,김꿀빨 / 아몬드빵,9.52,https://image-comic.pstatic.net/webtoon/806888/thumbnail/thumbnail_IMAG21_6db5b5ec-f275-4b5f-8e1d-d6acfa9c487a.jpeg
200,수,나쁜사람,둠스,9.67,https://image-comic.pstatic.net/webtoon/750184/thumbnail/thumbnail_IMAG21_adfbd65f-18fa-4268-81db-ec88ae4aa8b1.jpg
201,수,에브리띵 이즈 파인,마이크 버첼,9.97,https://image-comic.pstatic.net/webtoon/804145/thumbnail/thumbnail_IMAG21_4fef0e05-88f3-44a6-8851-1f1c474e0678.jpg
202,수,마른 가지에 바람처럼,화음 / 달새울,9.97,https://image-comic.pstatic.net/webtoon/748535/thumbnail/thumbnail_IMAG21_fbaf72e0-c829-44ad-b56c-5c60a9fd5705.jpg
203,수,황후를 훔친 이는 누구인가,핀쿠 / 뮬리 / Lee jihye,9.93,https://image-comic.pstatic.net/webtoon/805737/thumbnail/thumbnail_IMAG21_c72b400d-fc29-4928-828f-56b3629ce352.jpg
204,수,내가 죽기로 결심한 것은,YUJU,9.96,https://image-comic.pstatic.net/webtoon/783523/thumbnail/thumbnail_IMAG21_cc413d42-89ab-4c7d-a28c-0f698acb169b.jpg
205,수,베이비 폭군,아원 / 이흰,9.97,https://image-comic.pstatic.net/webtoon/807019/thumbnail/thumbnail_IMAG21_35128d6b-4a62-48d2-a908-222d47bcfe4e.jpg
206,수,망치하르방,상상어,9.94,https://image-comic.pstatic.net/webtoon/812851/thumbnail/thumbnail_IMAG21_2a769f30-0067-470b-838a-18856e7e0f8f.jpg
207,수,쓰레기는 쓰레기통에!,EDDiERiNG,9.98,https://image-comic.pstatic.net/webtoon/790404/thumbnail/thumbnail_IMAG21_13c8b97c-3eba-4a3f-ad14-a7bcc4ec593d.jpg
208,수,중간에서 만나,조흰 / 윤김,9.94,https://image-comic.pstatic.net/webtoon/808455/thumbnail/thumbnail_IMAG21_c37c85f4-b9f1-4026-b79c-45d979f9743f.jpg
209,수,사상최강,이단아 / 황규영,9.91,https://image-comic.pstatic.net/webtoon/748536/thumbnail/thumbnail_IMAG21_f5ccf206-ed7d-42ae-9452-c11cb188474b.jpg
210,수,빌드업,911,9.87,https://image-comic.pstatic.net/webtoon/750826/thumbnail/thumbnail_IMAG21_8bf7d36d-d865-4df0-b76f-f72f288bb2cd.jpg
211,수,흔한 빙의물인 줄 알았다,DOYOSAY / 아진 / 레몬개구리,9.96,https://image-comic.pstatic.net/webtoon/808018/thumbnail/thumbnail_IMAG21_731f2947-7401-4a11-8561-04e0beef8771.jpg
212,수,악의 등교,팀 더 지크 / 시원 / 산천,9.93,https://image-comic.pstatic.net/webtoon/808272/thumbnail/thumbnail_IMAG21_92f35240-3cfd-49c6-a75e-b2715f8b2d98.jpg
213,수,강철을 먹는 플레이어,감독9 / 지점장,9.46,https://image-comic.pstatic.net/webtoon/814421/thumbnail/thumbnail_IMAG21_d0bd8511-b124-41ce-84af-a6a65da3029a.jpg
214,수,수인 보호소에서 남주를 입양해 버렸다,유지별이 / 설단희,9.91,https://image-comic.pstatic.net/webtoon/814599/thumbnail/thumbnail_IMAG21_b9dcaa4f-aa1b-400c-b574-fefe1ecf022e.jpg
215,수,"울어 봐, 빌어도 좋고",반지 / 솔체,9.97,https://image-comic.pstatic.net/webtoon/814826/thumbnail/thumbnail_IMAG21_1de7535f-9088-4f21-8b16-413cb1e66307.jpg
216,수,닥터앤닥터 병원일기,닥터베르,8.81,https://image-comic.pstatic.net/webtoon/807306/thumbnail/thumbnail_IMAG21_69a712a4-11e8-48bf-9b0c-a26f28c405d8.jpg
217,수,행성인간2: 행성의,조석,9.96,https://image-comic.pstatic.net/webtoon/802940/thumbnail/thumbnail_IMAG21_27ad5bf3-0455-4ac2-b3ae-dbc40c247407.jpg
218,수,인과관계,강환영,9.96,https://image-comic.pstatic.net/webtoon/789652/thumbnail/thumbnail_IMAG21_9e92f54e-ec57-4cd3-9574-9a58455606bf.jpg
219,수,칼부림,고일권,9.92,https://image-comic.pstatic.net/webtoon/602916/thumbnail/thumbnail_IMAG21_43cf1d1e-d265-464d-83db-f92dbc3fcf43.jpg
220,수,판타지 여동생!,유누,9.85,https://image-comic.pstatic.net/webtoon/730425/thumbnail/thumbnail_IMAG21_3835209134721021750.jpg
221,수,급식아빠,김재한,9.76,https://image-comic.pstatic.net/webtoon/758662/thumbnail/thumbnail_IMAG21_f061545e-a32b-473c-82fa-20a04a5e6ed1.jpg
222,수,언덕 위의 제임스,쿠당탕,9.92,https://image-comic.pstatic.net/webtoon/671421/thumbnail/thumbnail_IMAG21_7643171d-08fb-40a8-9da1-813a3b7e784f.jpg
223,수,옆집남자 친구,꿀삼,9.97,https://image-comic.pstatic.net/webtoon/797115/thumbnail/thumbnail_IMAG21_5dd4b1ce-478e-43b3-ac65-d42e7728a039.jpg
224,수,어린 상사,LICO / 박수정,9.75,https://image-comic.pstatic.net/webtoon/813455/thumbnail/thumbnail_IMAG21_ddc3190d-f2d9-4087-9675-3d6b3663642b.jpg
225,수,남사친의 법칙,이도윤,9.97,https://image-comic.pstatic.net/webtoon/808738/thumbnail/thumbnail_IMAG21_5c0738e4-13bc-4e17-a06e-a2cef9b9f030.jpg
226,수,좀간,옹구 / 다이,9.96,https://image-comic.pstatic.net/webtoon/796062/thumbnail/thumbnail_IMAG21_dc14b7fc-c61e-4fdf-9e6c-0108db4a26db.jpg
227,수,용한소녀,올소,9.97,https://image-comic.pstatic.net/webtoon/803891/thumbnail/thumbnail_IMAG21_668eac64-9d55-4c3a-bc5f-8fe862f4c3e6.jpg
228,수,결혼 시뮬레이션,김래잇 / 황주영,9.45,https://image-comic.pstatic.net/webtoon/811716/thumbnail/thumbnail_IMAG21_8d276b58-be08-4023-a66d-cf8070a5913a.jpg
229,수,괴물공작의 딸,한바다 / 찬란,9.71,https://image-comic.pstatic.net/webtoon/765158/thumbnail/thumbnail_IMAG21_cf79a251-065d-4d96-9166-482051f81198.jpg
230,수,하렘의 남자들,히어리 / 영빈 / 알파타르트,9.96,https://image-comic.pstatic.net/webtoon/760001/thumbnail/thumbnail_IMAG21_c62cf78d-b346-49cf-b847-3062fc51500b.jpg
231,수,사내고충처리반,정주행 / JINU,9.81,https://image-comic.pstatic.net/webtoon/801593/thumbnail/thumbnail_IMAG21_f551544b-d49b-44b3-8360-fb2594f889ee.jpg
232,수,귀비나리,신희빈 / 곰시,9.94,https://image-comic.pstatic.net/webtoon/812381/thumbnail/thumbnail_IMAG21_616c0474-a8e2-4caf-a986-d7528c4feb55.jpg
233,수,두 번 사는 프로듀서,여로운 / 왕십리글쟁이,9.92,https://image-comic.pstatic.net/webtoon/780253/thumbnail/thumbnail_IMAG21_c85d6008-87f8-46c8-82b7-2b744dd5723d.jpg
234,수,"안녕, 나의 수집",하린,9.97,https://image-comic.pstatic.net/webtoon/799267/thumbnail/thumbnail_IMAG21_f522ff4f-4f7c-40bf-b9f2-f58d049d4a82.jpg
235,수,수요웹툰의 나강림,이경민 / 송준혁,9.91,https://image-comic.pstatic.net/webtoon/771718/thumbnail/thumbnail_IMAG21_8d86de3e-15d5-464e-b448-cbd73b1bd71c.jpg
236,수,격기3반,이학,9.29,https://image-comic.pstatic.net/webtoon/701535/thumbnail/thumbnail_IMAG21_2abe5b1a-9104-417f-9995-0db15c6db7be.jpg
237,수,반귀,세정,9.96,https://image-comic.pstatic.net/webtoon/760002/thumbnail/thumbnail_IMAG21_7017793712846615395.jpg
238,수,두꺼비집,허만강,9.76,https://image-comic.pstatic.net/webtoon/809870/thumbnail/thumbnail_IMAG21_99b34792-86f3-43a2-aa29-dad847a3daf5.jpg
239,수,주부 육성중,임현,9.97,https://image-comic.pstatic.net/webtoon/793388/thumbnail/thumbnail_IMAG21_3481ec05-76fa-4302-9947-7931c6fb8d09.jpg
240,수,말숙이를 부탁해,임규현,9.94,https://image-comic.pstatic.net/webtoon/807634/thumbnail/thumbnail_IMAG21_1da46b85-5eb9-440e-93a8-4d45d602eb9e.jpg
241,수,강아지는 멍멍하고 짖지 않아!,얄라리,9.96,https://image-comic.pstatic.net/webtoon/812168/thumbnail/thumbnail_IMAG21_b0c2ba00-3f16-4e96-923f-920a746aa883.jpg
242,수,누가 나를 죽였을까,후,9.90,https://image-comic.pstatic.net/webtoon/805730/thumbnail/thumbnail_IMAG21_385b1660-0880-4713-873e-1a1cd45744a0.jpg
243,수,나를 낳아줘,미티 / 연주,9.73,https://image-comic.pstatic.net/webtoon/807308/thumbnail/thumbnail_IMAG21_bdecad71-95ad-4faf-b4e4-c131425da94f.jpg
244,수,내겐 너무 소란한 결혼,이지이 / 포스스튜디오 / 노승아,9.95,https://image-comic.pstatic.net/webtoon/799467/thumbnail/thumbnail_IMAG21_12c13949-64c3-4502-890f-b837cb3cd6f4.jpg
245,수,케찰코아틀 - 헤수스,d몬,9.96,https://image-comic.pstatic.net/webtoon/805745/thumbnail/thumbnail_IMAG21_8f015554-152f-4390-b8de-148617e64dfa.jpg
246,수,로어 올림푸스,레이첼스마이스,9.95,https://image-comic.pstatic.net/webtoon/750558/thumbnail/thumbnail_IMAG21_7148167415155931235.jpg
247,수,운명을 보는 회사원,영완(映完) / 임성욱,9.97,https://image-comic.pstatic.net/webtoon/797443/thumbnail/thumbnail_IMAG21_cea05bf8-ab6b-4f19-8cd9-dd8c31ed1677.jpg
248,수,미시령,모코넛,9.93,https://image-comic.pstatic.net/webtoon/697533/thumbnail/thumbnail_IMAG21_e9f62ca7-39be-4dd4-bfa7-4709a70aca32.jpg
249,수,범상찮은 밤,어사화,9.97,https://image-comic.pstatic.net/webtoon/810682/thumbnail/thumbnail_IMAG21_09e253e0-1fdd-4758-9109-ecf605569ca6.jpg
250,수,그 남자의 은밀한 하루,탄단 / 이로 / 백묘,9.93,https://image-comic.pstatic.net/webtoon/800504/thumbnail/thumbnail_IMAG21_de7f2718-2ed9-4688-890d-fc73b9179c1d.jpg
251,수,어느 백작 영애의 이중생활,Jeu / 킴뽀 / 최아리,9.96,https://image-comic.pstatic.net/webtoon/799016/thumbnail/thumbnail_IMAG21_719cf041-6408-4429-85dc-4b2cd2cb930d.jpg
252,수,사생돌,령 / 유나나,8.55,https://image-comic.pstatic.net/webtoon/812344/thumbnail/thumbnail_IMAG21_f73d7a93-6883-4586-b89b-7e1b7c5d86e7.jpg
253,수,나랑 해요,통조림 / 별규,9.92,https://image-comic.pstatic.net/webtoon/809558/thumbnail/thumbnail_IMAG21_094f39f0-92cf-434d-9578-10b896b79ffb.jpg
254,수,더 베이비시터,김도연,9.90,https://image-comic.pstatic.net/webtoon/812558/thumbnail/thumbnail_IMAG21_226e3ef8-2aab-431f-a2ac-d8c71ce7e590.jpg
255,수,"이혼은 쉬운데, 연애는 어렵다",수빙 / 팔가락 / 쥬시린시,9.92,https://image-comic.pstatic.net/webtoon/808201/thumbnail/thumbnail_IMAG21_1e67d319-2297-43cd-9888-b1e3c61d6be8.jpg
256,수,하얀 사자의 비밀 신부,봉비 / 임혜,9.66,https://image-comic.pstatic.net/webtoon/800390/thumbnail/thumbnail_IMAG21_66f9aedf-b500-40b4-984d-33b10b6a1489.jpg
257,수,두 마리를 위한 뜰,솜마르,9.94,https://image-comic.pstatic.net/webtoon/806304/thumbnail/thumbnail_IMAG21_66bb4eb2-72ef-4036-9945-27c929f5dab4.jpg
258,수,나의 계절,박수민,9.85,https://image-comic.pstatic.net/webtoon/774039/thumbnail/thumbnail_IMAG21_baed2068-c7f0-4f57-af10-c355f2b560f8.jpg
259,수,히어로 더 맥시멈,박재이,9.85,https://image-comic.pstatic.net/webtoon/805323/thumbnail/thumbnail_IMAG21_821d9ea6-ac3e-4b74-bdbc-e50cee1d21c5.jpeg
260,수,줄리에게,제야,9.85,https://image-comic.pstatic.net/webtoon/808508/thumbnail/thumbnail_IMAG21_84327107-e80b-4f50-8125-35ae8978e7ec.jpg
261,수,굿헌팅,"HB / 심조, 홍반장",9.86,https://image-comic.pstatic.net/webtoon/804989/thumbnail/thumbnail_IMAG21_b14ade30-c3c3-49ec-9700-db2c49d7794b.jpg
262,수,멸종위기종인간,사하라,9.15,https://image-comic.pstatic.net/webtoon/791892/thumbnail/thumbnail_IMAG21_3834359001091564337.jpg
263,수,연애고수,햇님,9.89,https://image-comic.pstatic.net/webtoon/801809/thumbnail/thumbnail_IMAG21_6764cc3d-eca6-4875-9e34-7c3b50c78bf3.jpg
264,수,우리의 연애일지,오늘,9.84,https://image-comic.pstatic.net/webtoon/807745/thumbnail/thumbnail_IMAG21_48748c1b-e177-48ef-b684-3c9e29a69b7c.jpg
265,수,솔그린,래드,9.72,https://image-comic.pstatic.net/webtoon/809619/thumbnail/thumbnail_IMAG21_3622cd61-4695-40e7-b2e1-be2fca76fb3e.jpg
266,수,넷시의 비밀,비온후,9.89,https://image-comic.pstatic.net/webtoon/804871/thumbnail/thumbnail_IMAG21_9ac1b8cc-dadb-41ef-9312-85aa9de4cfd6.jpg
267,수,이런 미친 엔딩,LEE세,9.91,https://image-comic.pstatic.net/webtoon/802913/thumbnail/thumbnail_IMAG21_1c4725c3-d63a-473a-a5fb-cb707836ada4.jpg
268,수,킬링대디,또이,9.25,https://image-comic.pstatic.net/webtoon/809597/thumbnail/thumbnail_IMAG21_223ee9a4-35f7-4c7d-b6a6-7374400787ac.jpg
269,수,영웅&마왕&악당,모모 / 무영자,9.95,https://image-comic.pstatic.net/webtoon/796466/thumbnail/thumbnail_IMAG21_2cf2568c-a1c6-4c4f-9a21-94b7c8136893.jpg
270,수,2023 루키 단편선,네이버웹툰 작가,9.60,https://image-comic.pstatic.net/webtoon/816636/thumbnail/thumbnail_IMAG21_0aaf3571-5f8a-4b86-a086-b038a27e3aed.jpg
271,수,낙원의 이론,무멘 / 정선우,9.88,https://image-comic.pstatic.net/webtoon/791632/thumbnail/thumbnail_IMAG21_0e5ee34e-898a-4106-8652-35525f24afa9.jpg
272,수,아이돌의 비밀 스터디,우아람,9.64,https://image-comic.pstatic.net/webtoon/792120/thumbnail/thumbnail_IMAG21_a9d3ae51-ae12-496a-a059-e124410f4108.jpg
273,수,산의 시간,지님,9.27,https://image-comic.pstatic.net/webtoon/792372/thumbnail/thumbnail_IMAG21_73240292-aa0a-4bd0-a87f-7e17993c4011.jpg
274,수,수플레 팬 케이크,호박,9.93,https://image-comic.pstatic.net/webtoon/806505/thumbnail/thumbnail_IMAG21_bb0e3058-ae71-4e6a-a74d-9dac77febfd1.jpg
275,수,기묘한 만화,몬킬,9.58,https://image-comic.pstatic.net/webtoon/795333/thumbnail/thumbnail_IMAG21_ed9c8b02-6fe0-405f-b58c-d37be88e18d2.jpg
276,목,선천적 얼간이들,가스파드,9.95,https://image-comic.pstatic.net/webtoon/478261/thumbnail/thumbnail_IMAG21_7fbd8610-0a97-40e3-9c63-101ea07fc4b4.jpg
277,목,신혼일기,자까,9.92,https://image-comic.pstatic.net/webtoon/812354/thumbnail/thumbnail_IMAG21_f391c11a-9a74-4e0c-b601-2fcebafffd07.jpg
278,목,앞집나리,민송아,9.93,https://image-comic.pstatic.net/webtoon/802293/thumbnail/thumbnail_IMAG21_a3e4736d-dfd6-4e76-aec6-b145f4123845.jpg
279,목,나노마신,현절무 / 금강불괴 / 한중월야,9.90,https://image-comic.pstatic.net/webtoon/747271/thumbnail/thumbnail_IMAG21_75c6a3cc-c4d1-4b51-a945-029aff772a63.jpg
280,목,촉법소년,"박태준 만화회사, 남자의 이야기 / 정종택",9.88,https://image-comic.pstatic.net/webtoon/808198/thumbnail/thumbnail_IMAG21_2aabb538-5b1a-4d74-81ed-b41bb8a155ff.jpg
281,목,재벌집 막내아들,JP / 김병관 / 산경(山景),9.97,https://image-comic.pstatic.net/webtoon/800770/thumbnail/thumbnail_IMAG21_d2e1e7ee-fc83-4030-a1e7-200378bc088f.jpg
282,목,남편을 죽여줘요,"이연, 칸트웍스 / 구물",9.96,https://image-comic.pstatic.net/webtoon/797410/thumbnail/thumbnail_IMAG21_9852442e-217e-4ec7-92a7-21c0ada85dc7.jpg
283,목,무사만리행,운 / 배민기,9.93,https://image-comic.pstatic.net/webtoon/746857/thumbnail/thumbnail_IMAG21_fb7d7fcd-19f1-49eb-9cc8-aae9622cdd04.jpg
284,목,정글쥬스,형은 / 쥬더,9.95,https://image-comic.pstatic.net/webtoon/762279/thumbnail/thumbnail_IMAG21_715e8b9b-f6e7-48fc-af26-88fdf50ff7c5.jpg
285,목,현실퀘스트,이주운 / 태성,9.82,https://image-comic.pstatic.net/webtoon/783888/thumbnail/thumbnail_IMAG21_316daca9-cf4f-42f8-9802-da356dd584f1.jpg
286,목,맛집,밍규 / 드로잉창고,9.65,https://image-comic.pstatic.net/webtoon/813843/thumbnail/thumbnail_IMAG21_7bbc3b88-f67b-4eae-ad76-2531151984a7.jpg
287,목,마도귀환록,팀 더 제이 / MISANG / 한유림,9.82,https://image-comic.pstatic.net/webtoon/813563/thumbnail/thumbnail_IMAG21_0cc17211-31da-4b94-a1e6-5b017fe9aadc.jpg
288,목,나 혼자 네크로맨서,김경열 / 김동준 / 지점장,9.94,https://image-comic.pstatic.net/webtoon/780170/thumbnail/thumbnail_IMAG21_c8b82359-da45-480c-95fd-aa9ae794d6be.jpg
289,목,사내연애 사절!,두부 / 남수,9.95,https://image-comic.pstatic.net/webtoon/814512/thumbnail/thumbnail_IMAG21_822d18b7-4c27-4cb0-9966-2b156aceaac0.jpg
290,목,뮤즈 온 유명,수진,9.97,https://image-comic.pstatic.net/webtoon/801505/thumbnail/thumbnail_IMAG21_893e0926-523f-4bc1-b7a6-e30af1ec3c6e.jpg
291,목,ㅋㅋ단편.zip,네이버웹툰 작가,9.77,https://image-comic.pstatic.net/webtoon/814541/thumbnail/thumbnail_IMAG21_18a2bffa-6c6e-4884-ab41-45b4646cabe3.jpg
292,목,네이처맨,이윤창,9.97,https://image-comic.pstatic.net/webtoon/809054/thumbnail/thumbnail_IMAG21_99e2bc60-6038-44e7-8689-44cf20fbc6f5.jpg
293,목,천마육성,광휘 / 조형근,9.91,https://image-comic.pstatic.net/webtoon/776255/thumbnail/thumbnail_IMAG21_02fb1475-2e82-4bcd-ae93-c22d6b7158ae.jpg
294,목,SPT - 박쥐의 시간,김보통 / 본인,9.85,https://image-comic.pstatic.net/webtoon/815326/thumbnail/thumbnail_IMAG21_15ae6e84-2468-4bfd-b2e9-524a24a69312.jpg
295,목,내향남녀,나,9.97,https://image-comic.pstatic.net/webtoon/812629/thumbnail/thumbnail_IMAG21_692752ea-20d9-4972-972b-66338ab3a8dd.jpg
296,목,별을 삼킨 너에게,ARI,9.93,https://image-comic.pstatic.net/webtoon/748831/thumbnail/thumbnail_IMAG21_b08f61b4-c656-4e16-8d07-c3ea3a64c77c.jpg
297,목,순정빌런,세윤,9.98,https://image-comic.pstatic.net/webtoon/797731/thumbnail/thumbnail_IMAG21_88164681-e112-492f-829b-1e0bd75b8655.jpg
298,목,게임 속 바바리안으로 살아남기,한태수 / MIDNIGHT STUDIO / 정윤강,9.95,https://image-comic.pstatic.net/webtoon/808482/thumbnail/thumbnail_IMAG21_8d99e7c4-0d9c-4b75-9947-5b32ca178482.jpg
299,목,가족같은 XX,서우현,9.94,https://image-comic.pstatic.net/webtoon/790239/thumbnail/thumbnail_IMAG21_75cb9f71-9af3-48ca-a143-cd59540328b1.jpg
300,목,내가 사랑한 물고기,우주봄봄 / 부발,9.92,https://image-comic.pstatic.net/webtoon/813625/thumbnail/thumbnail_IMAG21_da7dcddf-5dfd-4509-8033-f8d92d79763d.jpg
301,목,보스였음,럭스,9.94,https://image-comic.pstatic.net/webtoon/802833/thumbnail/thumbnail_IMAG21_99b5f54a-dfbe-4ed6-90b5-44a966d2a00f.jpg
302,목,비서 일탈,솔방울 / 꿀봉이 / 반지영,9.97,https://image-comic.pstatic.net/webtoon/801515/thumbnail/thumbnail_IMAG21_2e85c821-0398-4b06-9c61-66f729974082.jpg
303,목,특수청소,한(恨),9.82,https://image-comic.pstatic.net/webtoon/788976/thumbnail/thumbnail_IMAG21_c91160f6-aa01-43d8-a6a9-6347e50d1eaf.jpg
304,목,일립예고 학생들,백본,9.98,https://image-comic.pstatic.net/webtoon/812962/thumbnail/thumbnail_IMAG21_64afec58-886c-4db3-83a8-e6a54a5f0fdc.jpg
305,목,마왕까지 한 걸음,윤홍,9.97,https://image-comic.pstatic.net/webtoon/776668/thumbnail/thumbnail_IMAG21_fe12d91f-1a7c-4665-8b15-f2bc9fb0b328.jpg
306,목,쿠베라,카레곰,9.96,https://image-comic.pstatic.net/webtoon/131385/thumbnail/thumbnail_IMAG21_1d44dd99-4fef-48b5-81f0-083e83b6c048.jpg
307,목,국세청 망나니,스튜디오웨이브 / 동면거북이,9.92,https://image-comic.pstatic.net/webtoon/785727/thumbnail/thumbnail_IMAG21_4e91ad84-dffc-4475-af5e-a6130136edfb.jpg
308,목,최강전설 강해효,최병열,9.59,https://image-comic.pstatic.net/webtoon/570506/thumbnail/thumbnail_IMAG21_3630857206429464627.jpg
309,목,시한부 천재 암흑기사,정선율 / 나기,9.41,https://image-comic.pstatic.net/webtoon/809625/thumbnail/thumbnail_IMAG21_15dd153c-6e74-4628-9429-ab469095cdae.jpg
310,목,흑막 여주가 날 새엄마로 만들려고 해,이산시 / 하리힌 / 목감기,9.97,https://image-comic.pstatic.net/webtoon/770523/thumbnail/thumbnail_IMAG21_b0c43bf3-14b8-4b43-970f-ced56b793582.jpg
311,목,꽃만 키우는데 너무강함,주현후 / 쿰타타,9.97,https://image-comic.pstatic.net/webtoon/741825/thumbnail/thumbnail_IMAG21_c830f1df-cd0e-4b7f-aa4e-84d59c88a892.jpg
312,목,던전 씹어먹는 아티팩트,엄키 / 제로워터,9.92,https://image-comic.pstatic.net/webtoon/758439/thumbnail/thumbnail_IMAG21_9bccc3c8-13bd-47c4-b711-1865c3479037.jpg
313,목,트롤트랩,유비,9.91,https://image-comic.pstatic.net/webtoon/701700/thumbnail/thumbnail_IMAG21_14be195a-a8e9-4324-8d48-226eea667453.jpg
314,목,게임 최강 트롤러,박종석 / YATO / 군만두먹자,9.88,https://image-comic.pstatic.net/webtoon/801698/thumbnail/thumbnail_IMAG21_52e81ef5-fb49-4f99-801c-0e13c5691c67.
315,목,완벽한 결혼의 정석,영 / 제리볼 / 이범배,9.84,https://image-comic.pstatic.net/webtoon/775631/thumbnail/thumbnail_IMAG21_4063147592470967090.jpg
316,목,루루라라 우리네 인생,현이씨,9.96,https://image-comic.pstatic.net/webtoon/802039/thumbnail/thumbnail_IMAG21_a7a82a34-586c-4acf-b6f2-ab052be786f1.jpg
317,목,이게 웬 떡,박쓰담,9.94,https://image-comic.pstatic.net/webtoon/804051/thumbnail/thumbnail_IMAG21_baa4a2af-edc7-43c8-9674-fb69b25a2465.jpg
318,목,네가 죽기를 바랄 때가 있었다,기매 / 아란 / 진서,9.94,https://image-comic.pstatic.net/webtoon/776542/thumbnail/thumbnail_IMAG21_ca2e314b-448b-4383-980a-b6c50b1c6ca4.jpg
319,목,서울밤피어,송지형,9.92,https://image-comic.pstatic.net/webtoon/807537/thumbnail/thumbnail_IMAG21_327d2143-755b-44a5-acd0-82e8c0c11b62.jpg
320,목,마법사랑해,명랑 / 청설모,9.97,https://image-comic.pstatic.net/webtoon/776655/thumbnail/thumbnail_IMAG21_03f3b4c0-493d-436e-bfca-5cb4c6649278.jpg
321,목,오만의 시대,팀 코모도 / 한솔 / 레몬개구리,9.95,https://image-comic.pstatic.net/webtoon/814538/thumbnail/thumbnail_IMAG21_37b888c5-d7d7-4722-95b2-2be5687efdda.jpg
322,목,돈내놔,은류 / 도늑,8.34,https://image-comic.pstatic.net/webtoon/812560/thumbnail/thumbnail_IMAG21_72e2af78-cf9b-4a45-9e31-e9ccf1a3ee25.jpg
323,목,더티드레스,zzZ,9.84,https://image-comic.pstatic.net/webtoon/816771/thumbnail/thumbnail_IMAG21_b3aff2f3-bac2-4657-9722-1220aa07e14d.jpg
324,목,웨폰 크리에이터,서태랑 / 강재,9.56,https://image-comic.pstatic.net/webtoon/814753/thumbnail/thumbnail_IMAG21_2de5b4bb-0038-44af-b8fa-f34fa8ac1f97.jpg
325,목,해시의 신루,명랑 / INUS / 윤이수,9.97,https://image-comic.pstatic.net/webtoon/783536/thumbnail/thumbnail_IMAG21_9e7bb6e6-7ee1-4374-9f9d-4407fe10f4ff.jpg
326,목,당신의 그림자를 그만두었을 때,봉이 / 유성 / Rana,9.97,https://image-comic.pstatic.net/webtoon/807406/thumbnail/thumbnail_IMAG21_6fbae7f4-b275-4c27-8ae0-23549dc8a84e.jpg
327,목,위대한 겸상,홍치,9.86,https://image-comic.pstatic.net/webtoon/796242/thumbnail/thumbnail_IMAG21_3558519051501779250.jpg
328,목,이상한 변호사 우영우,"원프로젝트 / 화음조, 이예지",6.99,https://image-comic.pstatic.net/webtoon/798173/thumbnail/thumbnail_IMAG21_384e425c-307a-4754-b3f7-bb660117c0f3.jpg
329,목,만능잡캐,"홍실, 키보드만세 / 김대훈",9.86,https://image-comic.pstatic.net/webtoon/783117/thumbnail/thumbnail_IMAG21_7364620379494637924.jpg
330,목,킬더킹,마사토끼 / joana,9.69,https://image-comic.pstatic.net/webtoon/670145/thumbnail/thumbnail_IMAG21_3905854744587100517.jpg
331,목,갓트,서패스 / 아거주누,9.91,https://image-comic.pstatic.net/webtoon/790453/thumbnail/thumbnail_IMAG21_abd8870d-071d-4a9d-83bd-9d15c6866f47.jpg
332,목,썩은 핑크의 법칙,힙합신선,9.97,https://image-comic.pstatic.net/webtoon/808286/thumbnail/thumbnail_IMAG21_88006dbe-f2eb-4d28-bc1b-b609c1edb318.jpg
333,목,그 악룡은 무엇을 위해 사는가,호나란 / 마누비 / 레몬개구리,9.95,https://image-comic.pstatic.net/webtoon/808910/thumbnail/thumbnail_IMAG21_7ff45d3f-5da2-49c4-b91a-ad1396ed6793.jpg
334,목,미라주,박대혁,9.18,https://image-comic.pstatic.net/webtoon/816522/thumbnail/thumbnail_IMAG21_5cd83291-805b-414c-9e0b-5ff1c1944374.jpg
335,목,코인 리벤지,박성현,9.88,https://image-comic.pstatic.net/webtoon/801998/thumbnail/thumbnail_IMAG21_6607e2c4-b8bd-4145-94f6-ed96d1ec27a2.jpg
336,목,쌍둥이 영애가 남장을 하는 이유,아마미야 레이 / M N,9.86,https://image-comic.pstatic.net/webtoon/812164/thumbnail/thumbnail_IMAG21_89ab296b-1a3e-4b93-8a00-383f9d76a0c3.jpg
337,목,THE 런웨이,도미 / 녹두 / Hirachell,9.83,https://image-comic.pstatic.net/webtoon/771912/thumbnail/thumbnail_IMAG21_f5c91d16-dbed-423a-be2a-ea025ef95ead.jpg
338,목,여친을 찾아서,뻥 / 타로맨,9.85,https://image-comic.pstatic.net/webtoon/813571/thumbnail/thumbnail_IMAG21_a40611fc-7bbb-4faf-a533-0216f91a7639.jpg
339,목,나의 불편한 상사,탄지 / 남은경 / 이다홍,9.82,https://image-comic.pstatic.net/webtoon/799165/thumbnail/thumbnail_IMAG21_e4cf53a5-8d69-435d-95eb-a68a0128580e.jpg
340,목,만물의 영장,보민,9.96,https://image-comic.pstatic.net/webtoon/729964/thumbnail/thumbnail_IMAG21_3625061d-dadd-4e0c-96cd-9fcf1fe584c9.jpg
341,목,"엔딩, 바꿔보려합니다",모카빵,9.96,https://image-comic.pstatic.net/webtoon/802378/thumbnail/thumbnail_IMAG21_125f2441-6e6a-4cea-bfec-2969a1107fcf.jpg
342,목,달의 요람,이정선,4.20,https://image-comic.pstatic.net/webtoon/762035/thumbnail/thumbnail_IMAG21_4123154521771304291.jpg
343,목,케찰코아틀 - 다빗,d몬,9.95,https://image-comic.pstatic.net/webtoon/805746/thumbnail/thumbnail_IMAG21_caf881fb-bc3c-43ef-8ea0-3e4885836ec1.jpg
344,목,불쌍해야 하는 남자,윤병,9.65,https://image-comic.pstatic.net/webtoon/807356/thumbnail/thumbnail_IMAG21_7c35811d-1498-4d50-a38c-0b494502018c.jpg
345,목,괴물의 바다,삼칠,9.57,https://image-comic.pstatic.net/webtoon/813802/thumbnail/thumbnail_IMAG21_a579f9c8-251d-4e09-a42a-9253540d0437.jpg
346,목,"이러면 안 돼요, 전하!",안진애 / 우라노스 / 최아리,9.96,https://image-comic.pstatic.net/webtoon/805368/thumbnail/thumbnail_IMAG21_96351617-cd09-4eda-abdd-877a3ec12bcb.jpg
347,목,35cm,홍가,9.51,https://image-comic.pstatic.net/webtoon/703847/thumbnail/thumbnail_IMAG21_75e07916-d264-42ee-8af7-2788f8b9235f.jpg
348,목,이 주길럼의 전장,김세훈,9.30,https://image-comic.pstatic.net/webtoon/814805/thumbnail/thumbnail_IMAG21_44bc1fd7-1711-4752-9eae-7fa55c188711.jpg
349,목,너와 XX,뉸,9.86,https://image-comic.pstatic.net/webtoon/807655/thumbnail/thumbnail_IMAG21_d962d301-4188-46d7-89dc-77aa4c9373a5.jpg
350,목,독거미,신진우 / 홍순식,9.71,https://image-comic.pstatic.net/webtoon/802272/thumbnail/thumbnail_IMAG21_bbcca2f4-1063-4a0b-9af7-b7a714171b71.jpg
351,목,아빠같은 남자,이수민,9.81,https://image-comic.pstatic.net/webtoon/774451/thumbnail/thumbnail_IMAG21_dfacd585-dc48-410e-b91d-1a3131a4c54d.jpg
352,목,규격 외 혈통 천재,ZAINO / 클로버 / 소울풍,9.87,https://image-comic.pstatic.net/webtoon/798331/thumbnail/thumbnail_IMAG21_846e6d29-da15-40cb-9d4f-1c7f5b1a6faa.jpg
353,목,따개비,뜰새 / delete / 레고밟았어,8.85,https://image-comic.pstatic.net/webtoon/792277/thumbnail/thumbnail_IMAG21_a0d9827b-0e2c-48ce-a1ca-ccb2d4ff65f1.jpg
354,목,잘못된 연애,파키타리,8.58,https://image-comic.pstatic.net/webtoon/813334/thumbnail/thumbnail_IMAG21_4d1c2cb5-0f8e-484a-b36e-8318dcce3292.jpg
355,목,3X3!,만능유자차,9.97,https://image-comic.pstatic.net/webtoon/812223/thumbnail/thumbnail_IMAG21_8cd5cd96-8a33-40f2-bcad-c22179ffc5b8.jpg
356,목,나쁜 마법사의 꿈,이아거,9.07,https://image-comic.pstatic.net/webtoon/787729/thumbnail/thumbnail_IMAG21_d6ca420b-0d77-40ec-b59b-8e44f785e79d.jpg
357,목,순수한 동거생활,성은 / 플아다,9.93,https://image-comic.pstatic.net/webtoon/797937/thumbnail/thumbnail_IMAG21_2614c677-2b48-4d30-af5c-170964180b51.jpg
358,목,배트맨: 웨인 패밀리 어드벤처,CRC Payne / StarBite,9.82,https://image-comic.pstatic.net/webtoon/784989/thumbnail/thumbnail_IMAG21_3762867861630367334.jpg
359,목,사기 친 공작님을 유혹해버렸다,T.Heimdallr / 쥐똥새똥,9.94,https://image-comic.pstatic.net/webtoon/802849/thumbnail/thumbnail_IMAG21_4c99d9c3-76da-444d-b9be-d698741e54fe.jpg
360,목,카루나,강호진,9.82,https://image-comic.pstatic.net/webtoon/754876/thumbnail/thumbnail_IMAG21_3904682673849053541.jpg
361,목,사랑하는 여배우들,고나리자 / 수정,9.95,https://image-comic.pstatic.net/webtoon/794644/thumbnail/thumbnail_IMAG21_6d7a7af6-ed5d-474f-bae0-f5fc70cef0e6.jpg
362,목,올빼미와 여름 하늘,WmW / 레베카 설리번,9.81,https://image-comic.pstatic.net/webtoon/810450/thumbnail/thumbnail_IMAG21_33cdff23-00fd-4040-8373-60846d4e3ad6.jpg
363,목,유월의 소한,윤정민,9.48,https://image-comic.pstatic.net/webtoon/796492/thumbnail/thumbnail_IMAG21_4122820291731022946.jpg
364,목,보물과 괴물의 도시,이을,9.95,https://image-comic.pstatic.net/webtoon/751993/thumbnail/thumbnail_IMAG21_7089003575688389985.jpg
365,목,권리행사자,샤이탄,9.77,https://image-comic.pstatic.net/webtoon/795929/thumbnail/thumbnail_IMAG21_15a77e3d-669f-4658-991d-b73071283f6d.jpg
366,목,황제사냥,KAN,9.95,https://image-comic.pstatic.net/webtoon/800304/thumbnail/thumbnail_IMAG21_a97d059c-7eae-4e7c-afa0-74a6d2ac4c15.jpg
367,목,베니루 BAENIRU,우지금,9.90,https://image-comic.pstatic.net/webtoon/796302/thumbnail/thumbnail_IMAG21_8861c149-1927-400e-a343-b5a76be7efdf.jpg
368,목,아인슈페너,한끼룩,9.94,https://image-comic.pstatic.net/webtoon/792280/thumbnail/thumbnail_IMAG21_ef08524c-1c6d-4941-a532-44cb05261730.jpg
369,금,외모지상주의,박태준,9.47,https://image-comic.pstatic.net/webtoon/641253/thumbnail/thumbnail_IMAG21_01672165-03c8-44b1-ba0e-ef82c9cfcd10.jpg
370,금,광마회귀,JP / 이히 / 유진성,9.97,https://image-comic.pstatic.net/webtoon/776601/thumbnail/thumbnail_IMAG21_7365135131254864183.jpg
371,금,나 혼자 만렙 뉴비,WAN.Z / 스윙뱃 / 메슬로우,9.92,https://image-comic.pstatic.net/webtoon/773797/thumbnail/thumbnail_IMAG21_4dda13fe-417f-45b9-9696-880f2487d41d.jpg
372,금,재혼 황후,히어리 / 숨풀 / 알파타르트,9.96,https://image-comic.pstatic.net/webtoon/735661/thumbnail/thumbnail_IMAG21_4b3c44a0-f286-4878-bac3-84c3ec9dc0a1.jpg
373,금,대학원 탈출일지,요다,9.97,https://image-comic.pstatic.net/webtoon/790713/thumbnail/thumbnail_IMAG21_3919364435331003700.jpg
374,금,역대급 영지 설계사,이현민 / 김현수 / 문백경,9.97,https://image-comic.pstatic.net/webtoon/777767/thumbnail/thumbnail_IMAG21_cc85f891-272b-450a-b642-cffe1568ab71.jpg
375,금,데드퀸,김규삼,9.96,https://image-comic.pstatic.net/webtoon/753478/thumbnail/thumbnail_IMAG21_4049077133597095219.jpg
376,금,"언니, 이번 생엔 내가 왕비야",Omin / 테미스 / 레팔진프,9.96,https://image-comic.pstatic.net/webtoon/798917/thumbnail/thumbnail_IMAG21_ca84bfa2-c1c8-4621-9b4b-26dc745606f5.jpg
377,금,1초,시니 / 광운,9.98,https://image-comic.pstatic.net/webtoon/725586/thumbnail/thumbnail_IMAG21_17f81846-d1a9-43fd-83a4-f9e966b6b977.jpg
378,금,상남자,하늘소 / 도가도 / 김태궁,9.96,https://image-comic.pstatic.net/webtoon/751168/thumbnail/thumbnail_IMAG21_529c6125-cf14-435f-94ed-db1a2d499d84.jpg
379,금,어쩌다보니 천생연분,꿀타래 / 담초,9.97,https://image-comic.pstatic.net/webtoon/790245/thumbnail/thumbnail_IMAG21_3545003845982959922.jpg
380,금,낙향문사전,바킹독 / 팀 페가수스 / 언라이팅,9.77,https://image-comic.pstatic.net/webtoon/746534/thumbnail/thumbnail_IMAG21_3904681570744218160.jpg
381,금,죽지 않으려면,파래 / 임진국,9.90,https://image-comic.pstatic.net/webtoon/772764/thumbnail/thumbnail_IMAG21_be1cd9e7-17da-449a-bc04-1294015fdbd5.jpg
382,금,세기말 풋사과 보습학원,순끼,9.98,https://image-comic.pstatic.net/webtoon/761722/thumbnail/thumbnail_IMAG21_8ad71820-0c48-418a-89e9-5c001e393f54.jpg
383,금,천하제일 대사형,YooN / 북미혼,9.95,https://image-comic.pstatic.net/webtoon/802278/thumbnail/thumbnail_IMAG21_311b8a63-cb77-4198-b015-95ef835007ac.jpg
384,금,사신,임재원 / 설봉,9.95,https://image-comic.pstatic.net/webtoon/799837/thumbnail/thumbnail_IMAG21_361ed944-3c87-481f-a3d9-0e02c12b027d.jpg
385,금,전남편의 미친개를 길들였다,철무장미 / 자개 / 재겸,9.97,https://image-comic.pstatic.net/webtoon/804160/thumbnail/thumbnail_IMAG21_335a77d2-bbcd-4766-83f6-8d90120e9379.jpg
386,금,A.I. 닥터,ZAINO / 쿠큐 / 한산이가,9.97,https://image-comic.pstatic.net/webtoon/765804/thumbnail/thumbnail_IMAG21_7003208699811542067.jpg
387,금,삼국지톡,무적핑크 / 이리,9.89,https://image-comic.pstatic.net/webtoon/711422/thumbnail/thumbnail_IMAG21_fd8cb5db-01ab-4c7b-a2a9-920d4479d5f7.jpg
388,금,대신 살쪄주는 여자,롸나,8.78,https://image-comic.pstatic.net/webtoon/816659/thumbnail/thumbnail_IMAG21_13d24e4e-58af-4517-918c-8bd7d12de130.jpg
389,금,나혼자 탑에서 농사,임형 / 이하경 / sdcknight,9.94,https://image-comic.pstatic.net/webtoon/808389/thumbnail/thumbnail_IMAG21_4a5ab33b-e6fe-4fbe-95b7-bd7fa6a9c156.jpg
390,금,개를 낳았다,이선,9.94,https://image-comic.pstatic.net/webtoon/712362/thumbnail/thumbnail_IMAG21_7220173143199539507.jpg
391,금,약탈 신부,팀 카푸치노 / 강희자매,9.85,https://image-comic.pstatic.net/webtoon/804329/thumbnail/thumbnail_IMAG21_d09239e1-4e22-46a7-83df-b7094eceb403.jpg
392,금,여우놀이,황혜진,9.97,https://image-comic.pstatic.net/webtoon/768469/thumbnail/thumbnail_IMAG21_bff0c189-27cb-4859-8866-5f548210a578.jpg
393,금,말년용사,후딩 / 신마니,9.93,https://image-comic.pstatic.net/webtoon/773916/thumbnail/thumbnail_IMAG21_7a5dbee0-0997-41f9-99b3-bb062e18fb64.jpg
394,금,흑요석의 신부,왕보라청푸름 / 팀 쿼츠,9.95,https://image-comic.pstatic.net/webtoon/814310/thumbnail/thumbnail_IMAG21_fcc13386-dc54-4e27-a91b-c64bf0616003.jpg
395,금,커플브레이커,기맹기 / 태건,9.94,https://image-comic.pstatic.net/webtoon/804832/thumbnail/thumbnail_IMAG21_6edbde13-770a-495c-98d8-5d1d46fcc045.jpeg
396,금,연애의 기록,베어리,9.27,https://image-comic.pstatic.net/webtoon/803792/thumbnail/thumbnail_IMAG21_ceb2e7d1-abc4-4351-823d-c410ffb1d379.jpg
397,금,그렇고 그런 바람에,아니영,9.97,https://image-comic.pstatic.net/webtoon/783527/thumbnail/thumbnail_IMAG21_e43d251c-2624-4f7d-871f-3c829ba25efa.jpg
398,금,서울역 드루이드,문성호 / 활성곰 / 진설우,9.78,https://image-comic.pstatic.net/webtoon/773476/thumbnail/thumbnail_IMAG21_60f66caa-8332-4333-b510-147854a2e496.jpg
399,금,더 게이머,성상영 / 상아,8.42,https://image-comic.pstatic.net/webtoon/552960/thumbnail/thumbnail_IMAG21_ce8f3dbb-3891-4e83-9782-64fa7986946e.jpg
400,금,히어로 킬러,꿀벌 / 벌꿀,9.96,https://image-comic.pstatic.net/webtoon/766563/thumbnail/thumbnail_IMAG21_b71167a5-4409-411e-96e8-f2dad9ddbe00.jpg
401,금,브레이커 : 이터널 포스,전극진 / 박진환,9.86,https://image-comic.pstatic.net/webtoon/794383/thumbnail/thumbnail_IMAG21_21ee5311-021a-405a-bc57-eea051c54552.jpg
402,금,폭군님은 착하게 살고 싶어,람글 / 카콘,9.97,https://image-comic.pstatic.net/webtoon/801736/thumbnail/thumbnail_IMAG21_4cef0649-b3cf-4a27-8eda-afb93d6f6bf4.jpg
403,금,문제적 왕자님,선인장 / 솔체,9.96,https://image-comic.pstatic.net/webtoon/800046/thumbnail/thumbnail_IMAG21_1b3a9842-439f-43a3-8b2f-90fc1b1ee356.jpg
404,금,펜홀더,이은재,9.91,https://image-comic.pstatic.net/webtoon/814587/thumbnail/thumbnail_IMAG21_40ab2ca2-1b9a-41b5-9577-2dec3d4d6ef7.jpg
405,금,그 기사가 레이디로 사는 법,아인 / Ink. / 성혜림,9.96,https://image-comic.pstatic.net/webtoon/758675/thumbnail/thumbnail_IMAG21_b5ba4df8-fff7-47a0-86f0-2960a054e03e.jpg
406,금,희란국연가,MIDNIGHT STUDIO / 김수지,9.96,https://image-comic.pstatic.net/webtoon/783539/thumbnail/thumbnail_IMAG21_933f1e25-848e-480b-baf2-8808a8c9ee30.jpg
407,금,도깨비의 밤,문식 / 도올,9.92,https://image-comic.pstatic.net/webtoon/813641/thumbnail/thumbnail_IMAG21_a53a4e1b-3395-44da-b9dc-6fe08c98bee5.jpg
408,금,플레이어,박종석 / 오현준,9.92,https://image-comic.pstatic.net/webtoon/745876/thumbnail/thumbnail_IMAG21_ad75ad2a-a372-4f6c-873c-41ddd2e11f79.jpg
409,금,소름일기,siAm,9.84,https://image-comic.pstatic.net/webtoon/800585/thumbnail/thumbnail_IMAG21_11721c44-7e70-45e2-bd2e-da1e4a51922b.jpg
410,금,대위님! 이번 전쟁터는 이곳인가요?,김망고 / 비터버 / 리묘,9.95,https://image-comic.pstatic.net/webtoon/803767/thumbnail/thumbnail_IMAG21_63c2a7a4-ca93-4ab4-8224-769b3dfa692b.jpg
411,금,바스티안,아빈 / 솔체,9.96,https://image-comic.pstatic.net/webtoon/805203/thumbnail/thumbnail_IMAG21_7c73fc44-700b-4bf4-a1a2-7d3e781638a8.jpg
412,금,평화식당,턍 / 서우서우,9.89,https://image-comic.pstatic.net/webtoon/807829/thumbnail/thumbnail_IMAG21_7a731990-1b33-4d79-8c00-e8fe03460618.jpg
413,금,언다잉,임목원,9.90,https://image-comic.pstatic.net/webtoon/801555/thumbnail/thumbnail_IMAG21_e90dca57-f705-4a4e-8848-752d809b4b8b.jpg
414,금,온리호프,초승,9.97,https://image-comic.pstatic.net/webtoon/800796/thumbnail/thumbnail_IMAG21_e5f6d283-25ac-4c32-be9a-b883c1ba7b87.jpg
415,금,그거 사랑 아니야,민원백,9.73,https://image-comic.pstatic.net/webtoon/814289/thumbnail/thumbnail_IMAG21_9ea6aae5-1236-4ff9-9a36-d4bb1eb5f210.jpg
416,금,쌈빡,38,9.77,https://image-comic.pstatic.net/webtoon/777515/thumbnail/thumbnail_IMAG21_54762710-164c-4341-90ac-d9cea424eb15.jpg
417,금,웅크,나유진,9.97,https://image-comic.pstatic.net/webtoon/800506/thumbnail/thumbnail_IMAG21_21640049-34da-44e5-82d7-bbb7aca3a3f8.jpg
418,금,킬 더 드래곤,현가 / 미스 지수 / 백수귀족,9.95,https://image-comic.pstatic.net/webtoon/794102/thumbnail/thumbnail_IMAG21_f6a66314-b084-4f48-ae7d-e5ee5771f17a.jpg
419,금,신컨의 원 코인 클리어,스튜디오 호호이 / Akheres,9.85,https://image-comic.pstatic.net/webtoon/805658/thumbnail/thumbnail_IMAG21_707d140c-65e7-4164-a885-dd99ea22f266.jpeg
420,금,로또 황녀님,"무무경 / 도힌, 보리멸",9.96,https://image-comic.pstatic.net/webtoon/794742/thumbnail/thumbnail_IMAG21_761b9cda-5024-4109-bd3d-77e07ca6010f.jpg
421,금,그냥 선생님,연일,9.97,https://image-comic.pstatic.net/webtoon/804333/thumbnail/thumbnail_IMAG21_b39d8b31-ca85-492f-8588-c766aa2b3c27.jpg
422,금,죽음으로 구원하사,고요빛 / 유니,9.90,https://image-comic.pstatic.net/webtoon/804318/thumbnail/thumbnail_IMAG21_b26fa842-0608-4939-aa2d-f37f67610f9f.jpg
423,금,성스러운 그대 이르시길,"26, 유다, 앵뚜 / 로주 / 미나토",9.97,https://image-comic.pstatic.net/webtoon/801038/thumbnail/thumbnail_IMAG21_487ec2b2-9670-456f-9837-733602d048b1.jpg
424,금,룸9,은작,9.79,https://image-comic.pstatic.net/webtoon/809872/thumbnail/thumbnail_IMAG21_54a73ea1-f5b7-482e-81be-6e5d049b7e3e.jpg
425,금,후덜덜덜 남극전자,김민혁,9.87,https://image-comic.pstatic.net/webtoon/732036/thumbnail/thumbnail_IMAG21_a5f5b19f-5c44-4adf-b801-ec831eadc27b.jpg
426,금,절대복종,혼,9.03,https://image-comic.pstatic.net/webtoon/799524/thumbnail/thumbnail_IMAG21_b01c5e4c-fe6f-4817-a0db-b00b80b3ec94.jpeg
427,금,몽홀,장태산,9.90,https://image-comic.pstatic.net/webtoon/644112/thumbnail/thumbnail_IMAG21_3618981192359294768.jpg
428,금,여름여자 하보이,석영,9.97,https://image-comic.pstatic.net/webtoon/783540/thumbnail/thumbnail_IMAG21_68171ccc-7365-47ed-babe-6e20dc3fc3b5.jpg
429,금,스토커의 하루,bunny,9.62,https://image-comic.pstatic.net/webtoon/794743/thumbnail/thumbnail_IMAG21_cda3c8aa-f076-439a-94e9-cdac4f0b5db7.jpeg
430,금,멜빈이 그들에게 남긴 것,삼칠13 / 팀 해피게리 / 류희온,9.97,https://image-comic.pstatic.net/webtoon/797442/thumbnail/thumbnail_IMAG21_cce91579-a3d8-45c0-b82e-c8e9a64faf69.jpg
431,금,지니오패스,공현곤,9.91,https://image-comic.pstatic.net/webtoon/799148/thumbnail/thumbnail_IMAG21_1ae3f0d3-f4ed-4a90-86f0-dc7d028b1782.jpg
432,금,메소드 연기법,김이연,9.95,https://image-comic.pstatic.net/webtoon/799838/thumbnail/thumbnail_IMAG21_e19883fb-74f1-4491-9b72-8731946a11fc.jpg
433,금,너의 키스씬,조니조,9.91,https://image-comic.pstatic.net/webtoon/794423/thumbnail/thumbnail_IMAG21_78b255d2-1610-4884-8226-6d2894c6fd35.jpg
434,금,드래곤의 심장을 가지고 있습니다,시뉴라,9.96,https://image-comic.pstatic.net/webtoon/795540/thumbnail/thumbnail_IMAG21_bb5de21f-2810-450e-9d4d-874d0decc936.jpg
435,금,오!너의 리스크,바리,9.96,https://image-comic.pstatic.net/webtoon/780267/thumbnail/thumbnail_IMAG21_7234251265032676917.jpg
436,금,재앙의 날,환상특급 / 이승찬,9.86,https://image-comic.pstatic.net/webtoon/783520/thumbnail/thumbnail_IMAG21_3846462416433133112.jpg
437,금,달이 없는 나라,엥비,9.97,https://image-comic.pstatic.net/webtoon/780063/thumbnail/thumbnail_IMAG21_3978478587194062641.jpg
438,금,인피니티,2오,9.78,https://image-comic.pstatic.net/webtoon/775140/thumbnail/thumbnail_IMAG21_2de7a216-571b-4bf9-81b6-11b37126d328.jpg
439,금,백년게임,하람 / 지야,9.84,https://image-comic.pstatic.net/webtoon/751999/thumbnail/thumbnail_IMAG21_8797d0ef-cefd-463b-bf97-1361a5de293b.jpg
440,금,우리 무슨 사이야?,고농,9.81,https://image-comic.pstatic.net/webtoon/802906/thumbnail/thumbnail_IMAG21_a0759dac-4e68-4ce1-b787-a2a235d1bd37.jpg
441,금,연기는 처음인데요?!,홍로베 / 앨렴,9.93,https://image-comic.pstatic.net/webtoon/805893/thumbnail/thumbnail_IMAG21_bfdc4017-7983-4474-90bc-854779bdbdbf.jpg
442,금,별빛 커튼콜,아르몽,9.96,https://image-comic.pstatic.net/webtoon/793410/thumbnail/thumbnail_IMAG21_e2baecd4-0f45-40b2-9de9-667f86e1f7f2.jpg
443,금,미드우트,원김,9.94,https://image-comic.pstatic.net/webtoon/800006/thumbnail/thumbnail_IMAG21_027497ee-7115-4fb9-b8ae-d99f54e47e42.jpg
444,금,합법해적 파르페,뼈피살,9.96,https://image-comic.pstatic.net/webtoon/729036/thumbnail/thumbnail_IMAG21_e7de7318-0952-49a2-9e24-335e0a321ce8.jpg
445,금,하나는 적고 둘은 너무 많아,젤리피쉬 / 손모모,9.68,https://image-comic.pstatic.net/webtoon/801773/thumbnail/thumbnail_IMAG21_ea1917eb-9a72-45ab-a7fe-fa5cbd90b2ca.jpg
446,금,비밀친구,이밤애 / 사바싸,9.84,https://image-comic.pstatic.net/webtoon/797221/thumbnail/thumbnail_IMAG21_7089289671999633716.jpg
447,금,"푸른 밤, 황홀의 윤무",호찌 / 해독 / 유안나,9.94,https://image-comic.pstatic.net/webtoon/803119/thumbnail/thumbnail_IMAG21_cfc478c6-3b56-4bdf-b959-089775b2b916.jpg
448,금,미친 후작을 길들이고 말았다,골지 / 이레 / 로판맛집,9.96,https://image-comic.pstatic.net/webtoon/778325/thumbnail/thumbnail_IMAG21_5998e09b-34fc-42fa-910b-ee9564be0a20.jpg
449,금,천상의 주인,권러프 / MOOHAK,9.71,https://image-comic.pstatic.net/webtoon/798622/thumbnail/thumbnail_IMAG21_0fd8f2b5-635c-4d34-ad9a-ef26e4de39ac.jpg
450,금,애증화음,전구,9.94,https://image-comic.pstatic.net/webtoon/803371/thumbnail/thumbnail_IMAG21_86c1543c-a30a-41cd-b010-ca749e5e7f25.jpg
451,금,신의 최애캐,김찹쌀,9.69,https://image-comic.pstatic.net/webtoon/802578/thumbnail/thumbnail_IMAG21_d687ee7c-9d25-4b56-8b89-b0acf3c0662a.jpg
452,금,2023 루키 단편선,네이버웹툰 작가,9.60,https://image-comic.pstatic.net/webtoon/816636/thumbnail/thumbnail_IMAG21_0aaf3571-5f8a-4b86-a086-b038a27e3aed.jpg
453,금,히트포인트,민형 / 여강현,9.64,https://image-comic.pstatic.net/webtoon/758677/thumbnail/thumbnail_IMAG21_377b4b19-09d2-45c7-8054-705ab153bfcc.jpg
454,금,크림슨 하트,HYBE,9.64,https://image-comic.pstatic.net/webtoon/802733/thumbnail/thumbnail_IMAG21_99fc6540-7391-462a-b08b-326f55a8b354.jpg
455,금,뜨거운 홍차,"에리카, 느리 / ZZING / 김빵",9.85,https://image-comic.pstatic.net/webtoon/801992/thumbnail/thumbnail_IMAG21_84951a6c-71f7-42d1-8656-2625b47a9de9.jpg
456,금,세라는 망돌,햇살,9.24,https://image-comic.pstatic.net/webtoon/802359/thumbnail/thumbnail_IMAG21_3fa11f89-cf2d-4258-b130-7dd84bc14c95.jpg
457,금,지옥 키우기,세하,9.82,https://image-comic.pstatic.net/webtoon/800331/thumbnail/thumbnail_IMAG21_54515d5f-c297-48b9-a9ad-07c759d278b4.jpg
458,금,기억해줘,BD / 왈치,9.91,https://image-comic.pstatic.net/webtoon/801699/thumbnail/thumbnail_IMAG21_5f6bd4f5-c1e6-4583-bc91-cd7afaf0f226.jpg
459,토,호랑이형님,이상규,9.92,https://image-comic.pstatic.net/webtoon/650305/thumbnail/thumbnail_IMAG21_3631086797392995425.jpg
460,토,99강화나무몽둥이,홍실 / 지페리,9.82,https://image-comic.pstatic.net/webtoon/792651/thumbnail/thumbnail_IMAG21_218f18ef-7f68-4d6a-972c-686a3e9f6138.jpg
461,토,초인의 시대,섭이,9.95,https://image-comic.pstatic.net/webtoon/730694/thumbnail/thumbnail_IMAG21_e6fc219d-e5ea-4d93-b7d6-45b595c2a3cb.jpeg
462,토,취사병 전설이 되다,제이로빈 / 이진수,9.87,https://image-comic.pstatic.net/webtoon/727188/thumbnail/thumbnail_IMAG21_d4726354-42bc-4bdf-b500-02c951082eeb.jpg
463,토,마님이네 미국 시골집 이야기,마님,8.16,https://image-comic.pstatic.net/webtoon/814048/thumbnail/thumbnail_IMAG21_234ffc80-64de-4765-b059-6888ae0a9fae.jpg
464,토,프리드로우,전선욱,9.79,https://image-comic.pstatic.net/webtoon/597447/thumbnail/thumbnail_IMAG21_37e97fb1-5572-45cc-8672-2a60b6cb768e.jpg
465,토,얼짱시대,"박태준 만화회사, 남자의 이야기 / 박태준 만화회사",9.83,https://image-comic.pstatic.net/webtoon/813335/thumbnail/thumbnail_IMAG21_aa6adfc2-a77f-47cb-bb2e-97214f27b301.jpg
466,토,망나니 소교주로 환생했다,재무 / 전마두 / 대은호,9.85,https://image-comic.pstatic.net/webtoon/773796/thumbnail/thumbnail_IMAG21_c9aae885-3aa5-4aea-ac82-31c0c55479fc.jpg
467,토,유쾌한 왕따(재),김숭늉,9.92,https://image-comic.pstatic.net/webtoon/812124/thumbnail/thumbnail_IMAG21_7e3d71f2-4918-44db-a33b-bd16333eaa8f.jpg
468,토,마도전생기,포스스튜디오 / codezero,9.80,https://image-comic.pstatic.net/webtoon/807777/thumbnail/thumbnail_IMAG21_e47489ea-bf97-4726-a8e7-6403092a303a.jpg
469,토,물위의 우리,뱁새 / 왈패,9.97,https://image-comic.pstatic.net/webtoon/780404/thumbnail/thumbnail_IMAG21_e9eccbd9-b1c1-49b9-81a8-5bee3291315f.jpg
470,토,작전명 순정,꼬까리 / 들덤,9.96,https://image-comic.pstatic.net/webtoon/793275/thumbnail/thumbnail_IMAG21_30c77a8d-ada1-40f8-b87a-d02bb05e7e13.jpg
471,토,귀환했는데 입대 전날이다,해일 / 오코믹 / 황금비둘기,9.92,https://image-comic.pstatic.net/webtoon/807393/thumbnail/thumbnail_IMAG21_aff8a206-014c-471f-9e91-c569940ad8e5.jpg
472,토,아홉수 우리들,수박양,9.97,https://image-comic.pstatic.net/webtoon/724815/thumbnail/thumbnail_IMAG21_4bdd52f2-bbc9-4524-b44b-adc1e7208f93.jpg
473,토,은탄,김규삼,9.95,https://image-comic.pstatic.net/webtoon/787500/thumbnail/thumbnail_IMAG21_7090184484697487202.jpg
474,토,괴양이,붉은코끼리,9.69,https://image-comic.pstatic.net/webtoon/812339/thumbnail/thumbnail_IMAG21_47abc151-1d2a-4b83-b63c-95dbe3771f3d.jpg
475,토,세레나,정이나,9.95,https://image-comic.pstatic.net/webtoon/801475/thumbnail/thumbnail_IMAG21_63818a49-407c-4d1d-8f9a-e541285abdd9.jpg
476,토,킬러경찰,이제환 / 이윤균,9.68,https://image-comic.pstatic.net/webtoon/808439/thumbnail/thumbnail_IMAG21_f41e3302-e61f-4566-a169-3609965ed104.jpg
477,토,망치하르방,상상어,9.94,https://image-comic.pstatic.net/webtoon/812851/thumbnail/thumbnail_IMAG21_2a769f30-0067-470b-838a-18856e7e0f8f.jpg
478,토,황제의 검,레드훅 / 류신 / 임무성,9.85,https://image-comic.pstatic.net/webtoon/813443/thumbnail/thumbnail_IMAG21_a0397983-ed25-4101-babe-17b15cd8ad08.jpg
479,토,스터디그룹,신형욱 / 유승연,9.96,https://image-comic.pstatic.net/webtoon/721948/thumbnail/thumbnail_IMAG21_b5efacb7-c212-422f-bc4a-15cf5dc84408.jpg
480,토,놓지마 정신줄 시즌3,신태훈 / 나승훈,9.94,https://image-comic.pstatic.net/webtoon/801589/thumbnail/thumbnail_IMAG21_1b439234-e17d-4fb8-9eef-5d2d4173234c.jpg
481,토,로맨스 당도 백퍼센트,이동건,9.93,https://image-comic.pstatic.net/webtoon/814398/thumbnail/thumbnail_IMAG21_23b64b71-1d91-4326-982c-1480462c01e6.jpg
482,토,디펜스 게임의 폭군이 되었다,하정 / 굥 / 류은가람,9.94,https://image-comic.pstatic.net/webtoon/798182/thumbnail/thumbnail_IMAG21_3129bf23-e1fa-4943-b3d5-9d29e3c8109e.jpg
483,토,나이트런,김성민,9.91,https://image-comic.pstatic.net/webtoon/64997/thumbnail/thumbnail_IMAG21_3834645974328108595.jpg
484,토,나를 바꿔줘,이지호 / 호띠,9.89,https://image-comic.pstatic.net/webtoon/733280/thumbnail/thumbnail_IMAG21_cf0ca5a3-b4be-4f10-a3b3-ed0274de8d8e.jpg
485,토,야매 힐러로 사는 법,14획 / 나옌 / 새송이덮밥,9.95,https://image-comic.pstatic.net/webtoon/808757/thumbnail/thumbnail_IMAG21_79e60f3a-a6f1-4f25-8c14-ba4a143bbb32.jpg
486,토,흑화한 노예남을 길들였다,LICO / 보랏빛마을,9.93,https://image-comic.pstatic.net/webtoon/808994/thumbnail/thumbnail_IMAG21_a20585d3-f39f-49cd-9425-4ff59487fd57.jpg
487,토,윌유메리미,마인드C,9.92,https://image-comic.pstatic.net/webtoon/616239/thumbnail/thumbnail_IMAG21_7c320dd0-7f6e-4645-b82b-e46752ed7375.jpg
488,토,시한부 기사가 되었다,김두루미 / 최윤열 / 금의행,9.68,https://image-comic.pstatic.net/webtoon/814371/thumbnail/thumbnail_IMAG21_45b13cf0-1c9a-4582-9a03-830329440c2a.jpg
489,토,소공녀 민트,봉이 / 갈피 / 오윤,9.97,https://image-comic.pstatic.net/webtoon/787061/thumbnail/thumbnail_IMAG21_86a8b356-006b-4ce8-be18-bf08d529254a.jpg
490,토,나랑X할래?,진자 / 정생,9.92,https://image-comic.pstatic.net/webtoon/803934/thumbnail/thumbnail_IMAG21_4fabee83-c9ef-4a00-96f3-0ed4a45b90b5.jpg
491,토,신입사원 강 회장,승승이 / 선 / 산경(山景),9.49,https://image-comic.pstatic.net/webtoon/814766/thumbnail/thumbnail_IMAG21_f963539b-9954-4b1a-a4a8-7b01bb6d3247.jpg
492,토,민간인 통제구역 - 일급기밀,OSIK,9.94,https://image-comic.pstatic.net/webtoon/801324/thumbnail/thumbnail_IMAG21_201ca646-5c79-42d2-ad28-49a435dc362e.jpg
493,토,봐선 안되는 것,수리부,9.86,https://image-comic.pstatic.net/webtoon/778656/thumbnail/thumbnail_IMAG21_f2b7be76-da44-4f83-b16d-0448f9020f16.jpg
494,토,예명여고,육공,9.93,https://image-comic.pstatic.net/webtoon/808473/thumbnail/thumbnail_IMAG21_f3216ccd-e4c2-45f5-8d01-397d3c191d28.jpg
495,토,미나 이퀄,이유정,9.71,https://image-comic.pstatic.net/webtoon/793350/thumbnail/thumbnail_IMAG21_3545852647434696500.jpg
496,토,같은 학교 친구,유유,9.96,https://image-comic.pstatic.net/webtoon/774832/thumbnail/thumbnail_IMAG21_b90a49f3-7ef2-4898-94b3-acfa634b3ed7.jpg
497,토,데이팅 캣,모하,9.44,https://image-comic.pstatic.net/webtoon/814039/thumbnail/thumbnail_IMAG21_59d8de35-834d-43d2-8ba4-3112f5f91439.jpg
498,토,왕세자 입학도,무번,9.96,https://image-comic.pstatic.net/webtoon/739411/thumbnail/thumbnail_IMAG21_dd0ba3a4-64e6-4a6a-92c8-b667ee0b387e.jpg
499,토,부패의 사제,"강선율, 보리 / YU / 사다듬",9.90,https://image-comic.pstatic.net/webtoon/809722/thumbnail/thumbnail_IMAG21_bc942644-b79c-45ff-a8c6-4ac29423ace3.jpg
500,토,회귀자의 은퇴 라이프,서희 / IN사 / 간짜장,9.72,https://image-comic.pstatic.net/webtoon/814509/thumbnail/thumbnail_IMAG21_8c1cc7a0-0fa2-4e38-8ad3-8472726185a3.jpg
501,토,홍시는 날 좋아해!,강하다 / 웃는해,9.96,https://image-comic.pstatic.net/webtoon/703839/thumbnail/thumbnail_IMAG21_5868239b-e1f5-4bcc-ad21-9dba1539d693.jpg
502,토,존잘주의,령,9.45,https://image-comic.pstatic.net/webtoon/774864/thumbnail/thumbnail_IMAG21_7366025529484523875.jpg
503,토,탑코너,윤성 / 라군,9.64,https://image-comic.pstatic.net/webtoon/732021/thumbnail/thumbnail_IMAG21_3617062741365437232.jpg
504,토,플레이어가 과거를 숨김,개차반 / 비누끼 / 베데스,9.92,https://image-comic.pstatic.net/webtoon/811707/thumbnail/thumbnail_IMAG21_a4202254-2f7b-4933-b1e5-3308888cb7bb.jpg
505,토,완벽한 부부는 없다,롱별 / 초이 / 이다홍,9.84,https://image-comic.pstatic.net/webtoon/793374/thumbnail/thumbnail_IMAG21_3775484551403496548.jpg
506,토,묘약마녀,자유,9.95,https://image-comic.pstatic.net/webtoon/807029/thumbnail/thumbnail_IMAG21_4f5f473d-60ff-4ee5-86e9-052e5efd2aeb.jpg
507,토,남편을 만렙으로 키우려 합니다,유기농 / 컬린 / 누오바,9.94,https://image-comic.pstatic.net/webtoon/774051/thumbnail/thumbnail_IMAG21_0cf6ad18-a403-4a35-913b-e6648b66c5a8.jpg
508,토,묘령의 황자,아흐레달,9.93,https://image-comic.pstatic.net/webtoon/784580/thumbnail/thumbnail_IMAG21_d99dd56e-a987-4fa9-9a08-895ba09c874f.jpg
509,토,간첩 18세,김꿀빨 / 김주인,9.71,https://image-comic.pstatic.net/webtoon/799503/thumbnail/thumbnail_IMAG21_34f3cf97-e658-48bd-80c2-ca4397b1ecfd.jpg
510,토,이계진입 리로디드,차우민 / 쵸쵸 / 임경배,9.89,https://image-comic.pstatic.net/webtoon/793553/thumbnail/thumbnail_IMAG21_1afbb206-239d-41d8-832b-cbd6be2b0c0a.jpeg
511,토,좀비X슬래셔,나락 / 홍준기,9.65,https://image-comic.pstatic.net/webtoon/808533/thumbnail/thumbnail_IMAG21_9df8c3c3-bf3b-495a-9b42-ce97369c239b.jpg
512,토,첫사랑은 헤이트,망두,9.95,https://image-comic.pstatic.net/webtoon/809694/thumbnail/thumbnail_IMAG21_2dded0a5-e188-4ed4-8139-d273185aedb2.jpg
513,토,너에게로 중독,무멘 / 태양 / 안테,9.93,https://image-comic.pstatic.net/webtoon/814595/thumbnail/thumbnail_IMAG21_dffe09d7-c1ec-4cb3-8d6d-2ac82c50ace4.jpg
514,토,엑스애쉬,김세훈 / 이광수,9.87,https://image-comic.pstatic.net/webtoon/783814/thumbnail/thumbnail_IMAG21_3472617502213103923.jpg
515,토,킬러 배드로,김정현 / 임리나,9.90,https://image-comic.pstatic.net/webtoon/816798/thumbnail/thumbnail_IMAG21_2022c534-5030-4ecb-94bc-a759f9384b0a.jpg
516,토,폭군 남편과 이혼하겠습니다,조사라 / 오윤하,9.90,https://image-comic.pstatic.net/webtoon/797844/thumbnail/thumbnail_IMAG21_1dc23c2b-ab51-4e2c-b249-4df2b57d70cc.jpg
517,토,아사,우새새,9.95,https://image-comic.pstatic.net/webtoon/786496/thumbnail/thumbnail_IMAG21_c3f8631d-abd5-48b8-9f72-25faafd32904.jpg
518,토,복수를 위한 결혼동맹,EMMA / 윤희사,9.93,https://image-comic.pstatic.net/webtoon/794161/thumbnail/thumbnail_IMAG21_b83324b0-799f-4125-8950-4498053474d4.jpg
519,토,더 해머,스튜디오M / 멘수 / Painkiller,9.85,https://image-comic.pstatic.net/webtoon/803794/thumbnail/thumbnail_IMAG21_4a2de803-f18c-4f76-a0f4-d920f87e1f31.jpg
520,토,연애 생각은 없지만,서울소,9.92,https://image-comic.pstatic.net/webtoon/813329/thumbnail/thumbnail_IMAG21_b5afa8e4-8e0e-43e8-b0d2-29cef0a433c1.jpg
521,토,망겜의 현금술사,무릇,9.92,https://image-comic.pstatic.net/webtoon/812645/thumbnail/thumbnail_IMAG21_4815ef88-953d-4752-997e-45004ac3ae47.jpg
522,토,솔직하게 말해줘!,재희,9.90,https://image-comic.pstatic.net/webtoon/814832/thumbnail/thumbnail_IMAG21_fcbd14e7-9175-42d7-b845-f664c8f28ec0.jpg
523,토,노인의 꿈,백원달,9.95,https://image-comic.pstatic.net/webtoon/806776/thumbnail/thumbnail_IMAG21_aa8b48b8-6ed9-44ce-a1a0-e194514ab026.jpg
524,토,동그란 그녀와 소심한 그 남자,하야마 이즈미 / 오카무라 야치요,9.55,https://image-comic.pstatic.net/webtoon/812156/thumbnail/thumbnail_IMAG21_a73dc539-ab0b-400a-95cb-4fd653c438f4.jpg
525,토,더 캐슬 - 귀안의 신부,혜용 / 피칸 / 진소예,9.94,https://image-comic.pstatic.net/webtoon/806265/thumbnail/thumbnail_IMAG21_5c7b929f-cc5f-4325-8628-a3118b4d698d.jpg
526,토,최강부캐,직씨,9.59,https://image-comic.pstatic.net/webtoon/778580/thumbnail/thumbnail_IMAG21_7365744059571516773.jpg
527,토,방송은 방송으로 봐,박은혁,8.05,https://image-comic.pstatic.net/webtoon/808265/thumbnail/thumbnail_IMAG21_9efa88c9-cd85-41c2-8c4c-8dea39c6acd9.jpg
528,토,청춘일지,쏘림,9.92,https://image-comic.pstatic.net/webtoon/797932/thumbnail/thumbnail_IMAG21_ef5d2231-8978-4ebd-8e85-8bf73437da62.jpg
529,토,당신이 나를 믿으신다면,김그래프,9.93,https://image-comic.pstatic.net/webtoon/806449/thumbnail/thumbnail_IMAG21_cda9ea7c-3734-44b0-ba3f-2428f8d82854.jpg
530,토,러브 어페어,럭키고릴라 / 팀 네모바퀴 / 이유진,9.62,https://image-comic.pstatic.net/webtoon/809445/thumbnail/thumbnail_IMAG21_f3610381-5179-4790-a278-b9d237f28e2e.jpg
531,토,사서고생!,몽실,9.94,https://image-comic.pstatic.net/webtoon/780845/thumbnail/thumbnail_IMAG21_fb6ff972-27ca-459d-ac5d-c1083e96c45c.jpg
532,토,소년 검사,혁씨,9.77,https://image-comic.pstatic.net/webtoon/784582/thumbnail/thumbnail_IMAG21_e433729e-1bd9-4a35-aa16-d43bee995a62.jpg
533,토,용두사망 소설 속의 악녀가 되었다,하견 / 너구리 / 윤림,9.94,https://image-comic.pstatic.net/webtoon/800828/thumbnail/thumbnail_IMAG21_bd9dbd1f-322c-4fdc-88f0-135d4a892735.jpg
534,토,왕년엔 용사님,고샤 / 솔렘,9.94,https://image-comic.pstatic.net/webtoon/755744/thumbnail/thumbnail_IMAG21_ea3e8a31-f6ef-40b4-936b-acb0fac4e94f.jpg
535,토,대박사건,"광진, 두엽 / 그나",9.83,https://image-comic.pstatic.net/webtoon/811908/thumbnail/thumbnail_IMAG21_32171763-13bc-4f0c-af2e-b1112a8cf698.jpg
536,토,밤을 깨우는 마법,외딴,9.95,https://image-comic.pstatic.net/webtoon/778968/thumbnail/thumbnail_IMAG21_7364286329789702709.jpg
537,토,또다시 열일곱,한다,9.91,https://image-comic.pstatic.net/webtoon/811634/thumbnail/thumbnail_IMAG21_4b8d87f9-e5f1-42ec-a2f6-9d1936901087.jpg
538,토,시선 끝 브로콜리,모차,9.93,https://image-comic.pstatic.net/webtoon/802070/thumbnail/thumbnail_IMAG21_fa7ec89a-785c-4c64-97b2-6814ca4d5970.jpg
539,토,"저무는 해, 시린 눈",MURO,9.97,https://image-comic.pstatic.net/webtoon/746833/thumbnail/thumbnail_IMAG21_21c3beb3-76fa-4b6a-811a-b641dd017e1b.jpg
540,토,애구애구,가령,9.94,https://image-comic.pstatic.net/webtoon/803530/thumbnail/thumbnail_IMAG21_c8d5f8f0-9883-465b-b79d-325c02d42b71.jpg
541,토,아가사,이다인,9.93,https://image-comic.pstatic.net/webtoon/769193/thumbnail/thumbnail_IMAG21_63967208-c38f-42a0-9186-163653c54a47.jpg
542,토,너나 나나,김연우,9.93,https://image-comic.pstatic.net/webtoon/809056/thumbnail/thumbnail_IMAG21_ad6cc2e8-a610-4c73-9b78-953c1d4507d2.jpg
543,토,먹지마세요,노도 / 비버,9.93,https://image-comic.pstatic.net/webtoon/735078/thumbnail/thumbnail_IMAG21_bbbfa6c0-bd41-4c59-a7fb-a44776497691.jpg
544,토,전생연분,재아 / HAE,9.96,https://image-comic.pstatic.net/webtoon/783864/thumbnail/thumbnail_IMAG21_965c8626-3cdf-4168-978d-f9315044590a.jpg
545,토,멸망으로 시작하는! 근미래 생존법,김부농,9.85,https://image-comic.pstatic.net/webtoon/811255/thumbnail/thumbnail_IMAG21_96bce722-8991-4b3f-af64-5374b14796a6.jpg
546,토,아침을 지나 밤으로,손지은,9.94,https://image-comic.pstatic.net/webtoon/753304/thumbnail/thumbnail_IMAG21_02569ecf-8e35-48b5-a9d3-5ab38900163d.jpg
547,토,1825일,지민,9.87,https://image-comic.pstatic.net/webtoon/812907/thumbnail/thumbnail_IMAG21_4cf453b2-af77-4519-8adf-629885f4ff76.jpg
548,토,궤도의 아이들,나윤희 / 구김,9.93,https://image-comic.pstatic.net/webtoon/802819/thumbnail/thumbnail_IMAG21_827d17bc-65c9-474d-a162-711ca38aae0a.jpg
549,토,보고 있지?,송범규,8.47,https://image-comic.pstatic.net/webtoon/794458/thumbnail/thumbnail_IMAG21_7089291664123257185.jpg
550,토,겨울특강,곤세,9.82,https://image-comic.pstatic.net/webtoon/802117/thumbnail/thumbnail_IMAG21_15a0d966-695b-45ce-a050-e42a40f31559.jpg
551,토,홍대 바이브,내먼,9.91,https://image-comic.pstatic.net/webtoon/774869/thumbnail/thumbnail_IMAG21_9167dfcb-aafa-41f9-84d7-31c08ad7dda9.jpg
552,일,신혼일기,자까,9.92,https://image-comic.pstatic.net/webtoon/812354/thumbnail/thumbnail_IMAG21_f391c11a-9a74-4e0c-b601-2fcebafffd07.jpg
553,일,무직백수 계백순,지발,9.81,https://image-comic.pstatic.net/webtoon/811721/thumbnail/thumbnail_IMAG21_9a2a959a-666b-4156-8e4f-db64dfe319c6.jpg
554,일,싸움독학,박태준 만화회사 / 김정현 스튜디오,9.71,https://image-comic.pstatic.net/webtoon/736277/thumbnail/thumbnail_IMAG21_bbbe3f76-021e-4dbc-830a-4358c1abec0c.jpg
555,일,약한영웅,서패스 / 김진석,9.70,https://image-comic.pstatic.net/webtoon/710751/thumbnail/thumbnail_IMAG21_53aefc06-6bdf-40fb-93ac-fab7242146c6.jpg
556,일,입학용병,YC / 락현,9.90,https://image-comic.pstatic.net/webtoon/758150/thumbnail/thumbnail_IMAG21_4135492154714961716.jpg
557,일,투신전생기,청담,9.94,https://image-comic.pstatic.net/webtoon/774044/thumbnail/thumbnail_IMAG21_81504afb-1a05-41b0-9650-0c9aa1d741d9.jpg
558,일,일타강사 백사부,팀 더 지크 / 오리보리 / 간짜장,9.96,https://image-comic.pstatic.net/webtoon/779632/thumbnail/thumbnail_IMAG21_4048795649913205816.jpg
559,일,사형소년,"김숭늉, 박태준 만화회사 / 광산",9.69,https://image-comic.pstatic.net/webtoon/795262/thumbnail/thumbnail_IMAG21_6904a7bd-e806-4f49-9b00-ee882a86fd4b.jpg
560,일,가비지타임,2사장,9.98,https://image-comic.pstatic.net/webtoon/703844/thumbnail/thumbnail_IMAG21_5ddcb40e-1f6a-40f3-b2c4-6cd9a7eee843.jpg
561,일,수희0(tngmlek0),생일기분,9.90,https://image-comic.pstatic.net/webtoon/774831/thumbnail/thumbnail_IMAG21_b4644a73-ecfb-4532-a96c-575b02accfd0.jpg
562,일,천화서고 대공자,128 / MIDNIGHT STUDIO / 김현영,9.93,https://image-comic.pstatic.net/webtoon/805193/thumbnail/thumbnail_IMAG21_47d9dfe3-8e58-43ba-b9c1-ad18673068cb.jpg
563,일,나 혼자 특성빨로 무한 성장,샤이아탄 / 2사랑 / 선운(鮮雲),9.27,https://image-comic.pstatic.net/webtoon/803909/thumbnail/thumbnail_IMAG21_764d377c-fe45-40f9-8775-0f6ff92ad421.jpg
564,일,자매전쟁,기맹기,9.95,https://image-comic.pstatic.net/webtoon/798664/thumbnail/thumbnail_IMAG21_38708e4d-5ed5-4301-b4a6-b9e794b173c4.jpeg
565,일,판사 이한영,문성호 / 전돌돌 / 이해날,9.94,https://image-comic.pstatic.net/webtoon/759567/thumbnail/thumbnail_IMAG21_3991657355780766050.jpg
566,일,아카데미의 천재칼잡이,시치 / 서관도,9.90,https://image-comic.pstatic.net/webtoon/813564/thumbnail/thumbnail_IMAG21_a11fb31e-2a52-438d-8b4e-a527c01ff49a.jpg
567,일,"고수, 후궁으로 깨어나다",LICO / 코양희,9.97,https://image-comic.pstatic.net/webtoon/811219/thumbnail/thumbnail_IMAG21_a9aab693-d74c-4c52-a5a5-b99029082416.jpg
568,일,소녀재판,루즌아 / 보로콤,9.89,https://image-comic.pstatic.net/webtoon/743838/thumbnail/thumbnail_IMAG21_a406f148-9929-4eff-aad1-e9cec2153da6.jpg
569,일,분신으로 자동사냥,차씨 / 오팔 / 몽식夢食,9.76,https://image-comic.pstatic.net/webtoon/799805/thumbnail/thumbnail_IMAG21_aff53990-84b6-4b97-973d-fa3a8add5da5.jpg
570,일,합격시켜주세용,이온,9.98,https://image-comic.pstatic.net/webtoon/728128/thumbnail/thumbnail_IMAG21_7089844928995668020.jpg
571,일,사랑받는 시집살이,견이 / 태소정,9.92,https://image-comic.pstatic.net/webtoon/809706/thumbnail/thumbnail_IMAG21_e36ff5e5-2edf-417d-ae14-c5fa9d8ca924.jpg
572,일,폰투스 : 극야2,운 / 한큰빛,9.93,https://image-comic.pstatic.net/webtoon/792694/thumbnail/thumbnail_IMAG21_5419c2b6-6def-4fcc-b54c-9a94ec2f2b75.jpg
573,일,아카데미에 위장취업당했다,타나 / WAG / sayren,9.97,https://image-comic.pstatic.net/webtoon/795529/thumbnail/thumbnail_IMAG21_60e29e1a-a910-4d27-bca4-30fb5df9e21e.jpg
574,일,청춘계시록,한서,9.97,https://image-comic.pstatic.net/webtoon/802079/thumbnail/thumbnail_IMAG21_848d280d-a280-4b16-979a-9a9484113b16.jpg
575,일,용사보다 너무 강해서 힘을 숨김,승한 / 예림,9.60,https://image-comic.pstatic.net/webtoon/814213/thumbnail/thumbnail_IMAG21_f5547951-b364-4daa-b4ca-c809375072fd.jpg
576,일,무진,사과 / 브라보 장,9.84,https://image-comic.pstatic.net/webtoon/805691/thumbnail/thumbnail_IMAG21_8b092acf-e28c-47d2-9b5f-3a02df85103f.jpg
577,일,칼끝에 입술,핀쿠 / 뫄과 / 윤슬,9.95,https://image-comic.pstatic.net/webtoon/800778/thumbnail/thumbnail_IMAG21_8515acc1-43f0-4110-8210-4b429d23b9df.jpg
578,일,장풍전,신영우,9.94,https://image-comic.pstatic.net/webtoon/789966/thumbnail/thumbnail_IMAG21_3774973501885266274.jpg
579,일,랑데뷰,제로,9.91,https://image-comic.pstatic.net/webtoon/778967/thumbnail/thumbnail_IMAG21_b0341594-06f3-4b2e-9a3d-da333cae2880.jpg
580,일,허리케인 공주님,랑또,9.97,https://image-comic.pstatic.net/webtoon/807550/thumbnail/thumbnail_IMAG21_ceb5dd8c-f8b0-4af2-aadc-14da357b6104.jpg
581,일,약빨이 신선함,한집 / 벤 / 아로,9.90,https://image-comic.pstatic.net/webtoon/800788/thumbnail/thumbnail_IMAG21_20e24a76-68af-4a5c-a4ae-2ac2b25cc1d1.jpg
582,일,후궁 스캔들,기트로우 / 정현,9.97,https://image-comic.pstatic.net/webtoon/784140/thumbnail/thumbnail_IMAG21_a110320c-9741-482a-bfef-a265ac9734e1.jpg
583,일,오로지 너를 이기고 싶어,아마도지 / 사삭,9.82,https://image-comic.pstatic.net/webtoon/730657/thumbnail/thumbnail_IMAG21_4d928a6e-b354-4b8c-ad73-382845df1857.jpg
584,일,어느날 갑자기 서울은,박창근,9.86,https://image-comic.pstatic.net/webtoon/776092/thumbnail/thumbnail_IMAG21_3905524900524404791.jpg
585,일,밤마다 남편이 바뀐다,구슬 / 여슬기 / 한윤설,9.97,https://image-comic.pstatic.net/webtoon/803649/thumbnail/thumbnail_IMAG21_2dd44beb-7a5b-43f0-b9d4-af7829e69c70.jpg
586,일,경자 전성시대,김호드,9.89,https://image-comic.pstatic.net/webtoon/769658/thumbnail/thumbnail_IMAG21_3559023722976457571.jpg
587,일,상사불상사,영하 / 공사,9.92,https://image-comic.pstatic.net/webtoon/814820/thumbnail/thumbnail_IMAG21_0a5722c7-129e-46ed-8104-3cc7445aa590.jpg
588,일,神장산범,령 / 서루,9.78,https://image-comic.pstatic.net/webtoon/813410/thumbnail/thumbnail_IMAG21_9a889dbd-cd44-4cce-a01c-f7b73f42734e.jpg
589,일,"안녕, 나의 수집",하린,9.97,https://image-comic.pstatic.net/webtoon/799267/thumbnail/thumbnail_IMAG21_f522ff4f-4f7c-40bf-b9f2-f58d049d4a82.jpg
590,일,집착광공 집사전락,마자,9.95,https://image-comic.pstatic.net/webtoon/814149/thumbnail/thumbnail_IMAG21_1cf527a2-606b-410a-b74c-b17bf938491e.jpg
591,일,내게 종말은 게임이다,HOOPA / 최우진,9.93,https://image-comic.pstatic.net/webtoon/807826/thumbnail/thumbnail_IMAG21_634e489a-2a62-4078-86e0-ca1a24f55f65.jpg
592,일,강아지는 멍멍하고 짖지 않아!,얄라리,9.96,https://image-comic.pstatic.net/webtoon/812168/thumbnail/thumbnail_IMAG21_b0c2ba00-3f16-4e96-923f-920a746aa883.jpg
593,일,죽음을 희망합니다,인멸윤금 / 요지 / 유예랑,9.95,https://image-comic.pstatic.net/webtoon/809622/thumbnail/thumbnail_IMAG21_4b77015a-325c-4ac1-9964-fd50ff9e7367.jpg
594,일,찐한 고백,JIP / 의령 / 로즈빈,9.96,https://image-comic.pstatic.net/webtoon/812660/thumbnail/thumbnail_IMAG21_6fd5cbf5-6576-4dc9-9421-2ec5d0a99359.jpg
595,일,백설을 위하여,러스츄 / 김햐 / 찬겨울,9.96,https://image-comic.pstatic.net/webtoon/801580/thumbnail/thumbnail_IMAG21_fe3ba1fc-a481-42db-bd91-7d2a02f599a6.jpg
596,일,노빠꾸 최하영,우엉이,9.79,https://image-comic.pstatic.net/webtoon/803480/thumbnail/thumbnail_IMAG21_2e2c5658-1865-4b48-90f8-f9dfa07ab9ef.jpg
597,일,몸이 바뀌는 사정,푸릭 / 달꽃 / 윤달,9.97,https://image-comic.pstatic.net/webtoon/778991/thumbnail/thumbnail_IMAG21_3544721241449849699.jpg
598,일,장미같은 소리,혜진양 / 듀영,9.92,https://image-comic.pstatic.net/webtoon/768474/thumbnail/thumbnail_IMAG21_7cb64c7e-2528-4057-8118-ad1df1acf2f7.jpg
599,일,첫날밤만 세 번째,나라나라 / 갓녀,9.95,https://image-comic.pstatic.net/webtoon/804157/thumbnail/thumbnail_IMAG21_9bf245bf-319b-4902-8ebd-438ca75c6e04.jpg
600,일,여우애담,이도광,9.97,https://image-comic.pstatic.net/webtoon/786082/thumbnail/thumbnail_IMAG21_69748953-29ef-4a38-80da-66f94654789d.jpg
601,일,펀치드렁커드,고태호,9.96,https://image-comic.pstatic.net/webtoon/807164/thumbnail/thumbnail_IMAG21_2dbe37c4-e501-4ba0-84c5-e839fc6d5b0c.jpg
602,일,고양이 타타,로로,9.97,https://image-comic.pstatic.net/webtoon/805156/thumbnail/thumbnail_IMAG21_6f3edc71-606d-4454-af42-e2f558137132.jpg
603,일,주인공의 주식을 팝니다,50 / 가얌 / 목감기,9.95,https://image-comic.pstatic.net/webtoon/808897/thumbnail/thumbnail_IMAG21_23c55f45-c7c0-45ef-a988-5447d0123cf6.jpg
604,일,아포크리파,은성 / 두만식,9.95,https://image-comic.pstatic.net/webtoon/804055/thumbnail/thumbnail_IMAG21_e7b5bec9-be9f-484b-a5a0-3a5182aaf33f.jpg
605,일,최고의 뿔소라,김인정,9.98,https://image-comic.pstatic.net/webtoon/808677/thumbnail/thumbnail_IMAG21_73e14c93-e8b2-4bb7-80e9-2e0054655813.jpg
606,일,내곁엔 없을까,쑤녕,9.97,https://image-comic.pstatic.net/webtoon/798172/thumbnail/thumbnail_IMAG21_8bcf6118-e095-44a1-b587-778a48caab52.jpg
607,일,홍 의관의 은밀한 비밀,유계진 / 서이나,9.97,https://image-comic.pstatic.net/webtoon/796251/thumbnail/thumbnail_IMAG21_eb634bbe-8a82-4918-a650-9423acf27f72.jpg
608,일,황금의 세계를 너에게,레민,9.88,https://image-comic.pstatic.net/webtoon/813598/thumbnail/thumbnail_IMAG21_f55c7a25-f918-43d5-a6c1-e63ab9deb378.jpg
609,일,죽고 싶습니다,연제원,9.83,https://image-comic.pstatic.net/webtoon/811841/thumbnail/thumbnail_IMAG21_af03da42-11b4-4504-93a1-30c6c957e999.jpg
610,일,신혼부부 생활 백서,문나영 / 이범배,9.91,https://image-comic.pstatic.net/webtoon/805405/thumbnail/thumbnail_IMAG21_74098c45-0052-46e7-affc-91013b2e3c0a.jpg
611,일,여신님의 호랑이 공략법,아완 / 청라,9.96,https://image-comic.pstatic.net/webtoon/802682/thumbnail/thumbnail_IMAG21_2b6bb044-08d6-443a-aa0f-672f2429066a.jpg
612,일,손 잡은 사이,반하리,9.91,https://image-comic.pstatic.net/webtoon/813949/thumbnail/thumbnail_IMAG21_79b59c9a-81ae-4dcb-9740-a92ce81e7bcc.jpg
613,일,108명의 그녀들,고송 / 레죵,9.97,https://image-comic.pstatic.net/webtoon/798303/thumbnail/thumbnail_IMAG21_ba8821d3-95a0-4916-a95d-7ab265982ef8.jpg
614,일,프린키피아,버튼 / 한경찰,9.93,https://image-comic.pstatic.net/webtoon/814407/thumbnail/thumbnail_IMAG21_5b80b114-7602-4d9e-93b3-ac7c38b2375f.jpg
615,일,생존고백,박태현,9.96,https://image-comic.pstatic.net/webtoon/786262/thumbnail/thumbnail_IMAG21_ef76cf9e-0742-400a-8dcb-2720679c9764.jpg
616,일,내가 만든 이세계,가천가,9.76,https://image-comic.pstatic.net/webtoon/813451/thumbnail/thumbnail_IMAG21_63771fb5-bb2b-4ecf-a9d8-1169fa9c73ab.jpeg
617,일,완벽한 파트너,산차 / 오하라,9.97,https://image-comic.pstatic.net/webtoon/801455/thumbnail/thumbnail_IMAG21_24d87e2b-c39c-4f30-8b11-4ba2ab86e253.jpg
618,일,성애적 순애보,유 / 명,9.85,https://image-comic.pstatic.net/webtoon/807992/thumbnail/thumbnail_IMAG21_a977bb5f-927e-42c3-8231-99c1f8b54591.jpg
619,일,포크&나이프,삼박,9.49,https://image-comic.pstatic.net/webtoon/813412/thumbnail/thumbnail_IMAG21_3d5f4af7-cbbd-486c-ad3a-89eec9550598.jpg
620,일,DARK MOON: 달의 제단,HYBE,9.81,https://image-comic.pstatic.net/webtoon/786973/thumbnail/thumbnail_IMAG21_35f474fa-13bc-4ac5-9815-91f0e9d1ef95.jpg
621,일,헬스던전,도베도베 / 채종,9.76,https://image-comic.pstatic.net/webtoon/800101/thumbnail/thumbnail_IMAG21_68185df2-8958-47cc-948b-d5890bec9e45.jpg
622,일,사장님이 미쳤어요,밤희 / 꾼 / 노승아,9.81,https://image-comic.pstatic.net/webtoon/812144/thumbnail/thumbnail_IMAG21_56080bd0-30ea-426f-b51b-33980668b2f7.jpg
623,일,사랑은 없는 것처럼,carbo(도효원) / 김해담,9.81,https://image-comic.pstatic.net/webtoon/805481/thumbnail/thumbnail_IMAG21_9e078731-7266-4eeb-b39b-ab358c126589.jpg
624,일,손 안의 안단테,나윤희,9.97,https://image-comic.pstatic.net/webtoon/799509/thumbnail/thumbnail_IMAG21_1ef92df7-7d7f-48ab-9c8d-f342aad36d08.jpg
625,일,잿더미 황후,스튜디오BCW / 별보라,9.91,https://image-comic.pstatic.net/webtoon/802986/thumbnail/thumbnail_IMAG21_c25b5dbd-8e7a-4184-aa1f-5d02727e874c.jpg
626,일,데빌샷,CTK,9.98,https://image-comic.pstatic.net/webtoon/753842/thumbnail/thumbnail_IMAG21_9bda04b8-2066-4aec-b290-658cbd304f03.jpg
627,일,킬링킬러,아백,9.89,https://image-comic.pstatic.net/webtoon/797155/thumbnail/thumbnail_IMAG21_f4040a49-edae-4b48-81c7-09b6426f3c81.jpg
628,일,샤인 스타,김현,9.95,https://image-comic.pstatic.net/webtoon/758665/thumbnail/thumbnail_IMAG21_3617063617572387171.jpg
629,일,신의 재래,홍무제,9.92,https://image-comic.pstatic.net/webtoon/807206/thumbnail/thumbnail_IMAG21_9fa6b184-48c8-438c-b734-4bb9de975230.jpg
630,일,블러드 리벤저,고백,9.82,https://image-comic.pstatic.net/webtoon/783599/thumbnail/thumbnail_IMAG21_629c1cd8-a02c-4ee3-80a8-2da6c5c6a57e.jpg
631,일,망돌리부트,우지우,9.56,https://image-comic.pstatic.net/webtoon/816814/thumbnail/thumbnail_IMAG21_46657eeb-dbae-485a-bd7e-27153ce8e777.jpg
632,일,마왕의 고백,탑승,9.97,https://image-comic.pstatic.net/webtoon/793539/thumbnail/thumbnail_IMAG21_4377b048-3468-4b60-9b15-289d0f974340.jpg
633,일,2023 루키 단편선,네이버웹툰 작가,9.60,https://image-comic.pstatic.net/webtoon/816636/thumbnail/thumbnail_IMAG21_0aaf3571-5f8a-4b86-a086-b038a27e3aed.jpg
634,일,인생영화,희나리,9.68,https://image-comic.pstatic.net/webtoon/803122/thumbnail/thumbnail_IMAG21_7160c2e6-5434-403b-bc7c-a21ecffbd599.jpg
635,일,천치전능,김칸비 / 송래현,9.92,https://image-comic.pstatic.net/webtoon/768473/thumbnail/thumbnail_IMAG21_3977634166458311222.jpg
636,일,천년간 노려왔습니다,수빈,9.91,https://image-comic.pstatic.net/webtoon/801428/thumbnail/thumbnail_IMAG21_50e8a89e-b0b6-44ad-8a98-0850328943b4.jpg
637,일,네 것이었던 것,아이아리 / 바밤,9.63,https://image-comic.pstatic.net/webtoon/802751/thumbnail/thumbnail_IMAG21_fb1ccdf4-244c-4614-9642-c1d6051a68c3.jpg
638,일,어떤소란,케첩,9.70,https://image-comic.pstatic.net/webtoon/799213/thumbnail/thumbnail_IMAG21_d0af8fd4-8aec-4e7f-9eca-f801c7ca01b2.jpg
639,일,그림자 잡기,최날,9.16,https://image-comic.pstatic.net/webtoon/801277/thumbnail/thumbnail_IMAG21_704c7b5b-4662-4998-b388-735f1505dc34.jpg
640,일,패션쇼,로커8,9.83,https://image-comic.pstatic.net/webtoon/779354/thumbnail/thumbnail_IMAG21_60a74bee-a71e-4a50-a02b-c434359e36a1.jpg
